Product name,Description,Slug,SKU,Auto Generate SKU,Categories,Status,Is featured?,Brand,Product collections,Labels,Taxes,Images,Price,Product attributes,Import type,Is variation default?,Stock status,With storehouse management,Quantity,Allow checkout when out of stock,Sale price,Start date sale price,End date sale price,Weight,Length,Wide,Height,Cost per item,Barcode,Content,Tags,Vendor
Dug Dug Backrest with Carrier Heavy Duty for Royal Enfield Super Meteor 650,"Weight
3.0 kg",-,DUGDUG-1655,-,-,-,-,-,-,-,-,['https://www.dugdugmotorcycles.com/wp-content/uploads/2023/09/dug-dug-super-meteor-650-backrest-with-carrier-510x383.webp'],"₹4,999.00",-,-,-,-,-,-,-,"₹2,999.00",-,-,-,-,-,-,-,-,-,-,-
OEM Type Backrest Heavy Quality for Royal Enfield Super Meteor 650,"Weight
2.0 kg",-,DUGDUG-1613,-,-,-,-,-,-,-,-,['https://www.dugdugmotorcycles.com/wp-content/uploads/2023/07/Dug-Dug-Original-Backrest-for-Royal-Enfield-Super-Meteor-650-2-510x230.jpg'],"₹3,700.00",-,-,-,-,-,-,-,"₹1,999.00",-,-,-,-,-,-,-,-,-,-,-
Dug Dug Cushion Backrest with Carrier for Super Meteor 650,"Weight
2.0 kg",-,DUGDUG-1574,-,-,-,-,-,-,-,-,['https://www.dugdugmotorcycles.com/wp-content/uploads/2023/05/Dug-Dug-Super-Meteor-650-Backrest-with-Carrier-510x510.jpg'],"₹3,600.00",-,-,-,-,-,-,-,"₹2,200.00",-,-,-,-,-,-,-,-,-,-,-
New Aluminium CNC Backrest for Royal Enfield Hunter 350 Type 3,"Weight
2.0 kg",-,DUGDUG-1534,-,-,-,-,-,-,-,-,['https://www.dugdugmotorcycles.com/wp-content/uploads/2022/12/backrest-for-royal-enfield-hunter-350-2-510x747.jpg'],"₹1,999.00",-,-,-,-,-,-,-,"₹1,250.00",-,-,-,-,-,-,-,-,-,-,-
New Aluminium CNC Backrest for Royal Enfield Hunter 350 Type 2,"Weight
2.0 kg",-,DUGDUG-1533,-,-,-,-,-,-,-,-,['https://www.dugdugmotorcycles.com/wp-content/uploads/2022/12/backrest-for-royal-enfield-hunter-350-510x939.jpg'],"₹1,999.00",-,-,-,-,-,-,-,"₹1,250.00",-,-,-,-,-,-,-,-,-,-,-
Backrest with Cushion for Royal Enfield Hunter 350,"Weight
1.0 kg",-,DUGDUG-1517,-,-,-,-,-,-,-,-,['https://www.dugdugmotorcycles.com/wp-content/uploads/2022/11/dug-dug-royal-enfield-hunter-350-backrest-510x513.jpg'],"₹1,999.00",-,-,-,-,-,-,-,₹950.00,-,-,-,-,-,-,-,-,-,-,-
Dug Dug Touring Kit for Royal Enfield Hunter 350 Type 2,"Weight
10 kg",-,DUGDUG-1507,-,-,-,-,-,-,-,-,"['https://www.dugdugmotorcycles.com/wp-content/uploads/2022/10/Dug-Dug-Touring-Kit-for-Royal-Enfield-Hunter-350-Type-2-510x510.jpg', 'https://www.dugdugmotorcycles.com/wp-content/uploads/2022/09/e48f3f60df1a4871951c8bed1db6c9b5-510x1124.jpg', 'https://www.dugdugmotorcycles.com/wp-content/uploads/2022/09/da1317e6fa7148cabe9f8fee53752193-510x1124.jpg', 'https://www.dugdugmotorcycles.com/wp-content/uploads/2022/09/d677ecb958f347c6b1887e5662a942ff-510x1124.jpg', 'https://www.dugdugmotorcycles.com/wp-content/uploads/2022/10/dug-dug-hunter-350-saddle-stay-510x366.jpg', 'https://www.dugdugmotorcycles.com/wp-content/uploads/2022/10/IMG-20221001-WA0058-510x416.jpg']","₹11,000.00",-,-,-,-,-,-,-,"₹7,500.00",-,-,-,-,-,-,-,-,-,-,-
Dug Dug Touring Kit for Royal Enfield Hunter 350 Type 1,"Weight
10 kg",-,DUGDUG-1506,-,-,-,-,-,-,-,-,"['https://www.dugdugmotorcycles.com/wp-content/uploads/2022/10/Dug-Dug-Touring-Kit-for-Royal-Enfield-Hunter-350-Type-1-510x510.jpg', 'https://www.dugdugmotorcycles.com/wp-content/uploads/2022/09/IMG-20220918-WA0011-510x287.jpg', 'https://www.dugdugmotorcycles.com/wp-content/uploads/2022/10/dug-dug-hunter-350-crash-guard--510x471.jpg', 'https://www.dugdugmotorcycles.com/wp-content/uploads/2022/10/dug-dug-hunter-350-saddle-stay-510x366.jpg', 'https://www.dugdugmotorcycles.com/wp-content/uploads/2022/10/IMG-20221001-WA0058-510x416.jpg']","₹9,999.00",-,-,-,-,-,-,-,"₹6,200.00",-,-,-,-,-,-,-,-,-,-,-
Hunter 350 Backrest with Carrier Top Rack Plate,"Weight
2.5 kg",-,DUGDUG-1486,-,-,-,-,-,-,-,-,"['https://www.dugdugmotorcycles.com/wp-content/uploads/2022/08/ca472eea271a49d8b8d37b3e630ce006-510x375.jpg', 'https://www.dugdugmotorcycles.com/wp-content/uploads/2022/12/dug-dug-royal-enfield-hunter-350-backrest-with-carrier-1-510x907.jpg', 'https://www.dugdugmotorcycles.com/wp-content/uploads/2022/12/dug-dug-royal-enfield-hunter-350-backrest-with-carrier-2-510x287.jpg', 'https://www.dugdugmotorcycles.com/wp-content/uploads/2022/08/afb753356acb429ead79caeca53646a0-510x715.jpg', 'https://www.dugdugmotorcycles.com/wp-content/uploads/2022/10/IMG-20221001-WA0058-510x416.jpg']","₹2,499.00",-,-,-,-,-,-,-,"₹1,750.00",-,-,-,-,-,-,-,-,-,-,-
New Aluminium CNC Backrest for Royal Enfield Hunter 350 Type 1,"Weight
2.5 kg",-,DUGDUG-1455,-,-,-,-,-,-,-,-,"['https://www.dugdugmotorcycles.com/wp-content/uploads/2022/09/IMG-20220918-WA0012-510x383.jpg', 'https://www.dugdugmotorcycles.com/wp-content/uploads/2022/10/dug-dug-genuine-backrest-fo-royal-enfield-hunter-350-510x287.jpg']","₹1,999.00",-,-,-,-,-,-,-,"₹1,250.00",-,-,-,-,-,-,-,-,-,-,-
Avenger Backrest with Carrier,"Weight
2.0 kg",-,DUGDUG-1440,-,-,-,-,-,-,-,-,['https://www.dugdugmotorcycles.com/wp-content/uploads/2022/08/fa3e8e33384b490ba70a1d7060ed10ad-510x383.jpg'],"₹1,499.00",-,-,-,-,-,-,-,₹950.00,-,-,-,-,-,-,-,-,-,-,-
New CNC Cut Backrest for Royal Enfield Classic Reborn,"Weight
1.5 kg",-,DUGDUG-1433,-,-,-,-,-,-,-,-,"['https://www.dugdugmotorcycles.com/wp-content/uploads/2022/08/IMG-20220828-WA0023-510x680.jpg', 'https://www.dugdugmotorcycles.com/wp-content/uploads/2022/09/IMG-20220907-WA0017-510x673.jpg', 'https://www.dugdugmotorcycles.com/wp-content/uploads/2022/10/dug-dug-classic-reborn-backrest-aluminium-510x680.jpg']","₹3,999.00",-,-,-,-,-,-,-,"₹1,450.00",-,-,-,-,-,-,-,-,-,-,-
Dug Dug Meteor Backrest Extension Kit with Nuts and Bolts,"Dug Dug Meteor Backrest Extension Kit with Nuts and Bolts for Pillion Support and Comfortable Long Rides




Weight
1.0 kg",-,DUGDUG-1424,-,-,-,-,-,-,-,-,"['https://www.dugdugmotorcycles.com/wp-content/uploads/2022/05/Dug-Dug-Meteor-350-Backrest-Extension-Kit-with-nuts-and-boths-2-510x510.jpg', 'https://www.dugdugmotorcycles.com/wp-content/uploads/2022/10/dug-dug-meteor-350-backrest-extension-extender-kit-2-510x287.jpg', 'https://www.dugdugmotorcycles.com/wp-content/uploads/2022/10/dug-dug-meteor-350-backrest-extension-extender-kit-1-510x287.jpg', 'https://www.dugdugmotorcycles.com/wp-content/uploads/2022/05/Dug-Dug-Meteor-350-Backrest-Extension-Kit-with-nuts-and-boths-1-510x499.jpg']",₹750.00,-,-,-,-,-,-,-,₹499.00,-,-,-,-,-,-,-,-,-,-,-
Dug Dug Classic Reborn Backrest with Carrier Heavy Quality,"Weight
3.0 kg",-,DUGDUG-1251,-,-,-,-,-,-,-,-,"['https://www.dugdugmotorcycles.com/wp-content/uploads/2022/02/dug-dug-royal-enfield-classic-reborn-backrest-with-carrier-1-510x235.jpg', 'https://www.dugdugmotorcycles.com/wp-content/uploads/2022/02/dug-dug-royal-enfield-classic-reborn-backrest-with-carrier-2-510x383.jpg']","₹2,999.00",-,-,-,-,-,-,-,"₹1,850.00",-,-,-,-,-,-,-,-,-,-,-
Dug Dug Classic Reborn Backrest with Carrier Heavy Quality,"Weight
3.0 kg",-,DUGDUG-1251,-,-,-,-,-,-,-,-,"['https://www.dugdugmotorcycles.com/wp-content/uploads/2022/02/dug-dug-royal-enfield-classic-reborn-backrest-with-carrier-1-510x235.jpg', 'https://www.dugdugmotorcycles.com/wp-content/uploads/2022/02/dug-dug-royal-enfield-classic-reborn-backrest-with-carrier-2-510x383.jpg']","₹2,999.00",-,-,-,-,-,-,-,"₹1,850.00",-,-,-,-,-,-,-,-,-,-,-
New STOP LED Backrest for Royal Enfield Classic Standard Electra,"Weight
0.8 kg",-,DUGDUG-1166,-,-,-,-,-,-,-,-,['https://www.dugdugmotorcycles.com/wp-content/uploads/2021/09/new-LED-STOP-Backrest-for-royal-enfield-classic-350-dug-dug-motorcycles-510x574.jpg'],"₹1,250.00",-,-,-,-,-,-,-,₹700.00,-,-,-,-,-,-,-,-,-,-,-
Dug Dug Adjustable Cushion Backrest with Carrier for Royal Enfield Meteor 350,"Product description

Dug Dug – The thump that binds….
Specially designed Backrest for Interceptor and Continental GT 650,-Made with good quality metal and foam cushion for stable strong body and comfortable sitting experience.
The backrest advances the sitting and ride experience for the back sitter in long hilly area rides.-The backrest is designed specially for Royal Enfield Thunderbird, for more comfort in off-type roads.
The stylish backrest make your bike look great and more comfortable and an eye-catcher for everyone.
Heavy Metal Harley Style Adjustable Cushion Backrest with Carrier, Pillion Back Rest Cushion Support Compatible for ROYAL ENFIELD Thunderbird. Prevents Pressure ,Injuries and Ensures a Longer, More Enjoyable Ride Without any Pain. Fits As Per Vehicle Make Model Enhances Overall Looks of the Vehicle Gives Pillion Comfortable Cushioned Back Support on Long Distances.Structure of Backrest Made up of Aluminum Alloy.Covered with Good Quality Cushion Finished with Beautiful Raxine Leather. Enhances Overall Looks of the Vehicle and Makes It more Appealing.It Help to Make Pillion Rider Feel More Safe and Back Cushion Make Sure the Each Ride is a Fun Ride.





Weight
4.0 kg",-,DUGDUG-1516,-,-,-,-,-,-,-,-,"['https://www.dugdugmotorcycles.com/wp-content/uploads/2020/07/Backrest-Royal-Enfield-Classic-Interceptor-Thunderbird-Jawa-2-510x362.jpg', 'https://www.dugdugmotorcycles.com/wp-content/uploads/2020/07/Backrest-Royal-Enfield-Classic-Interceptor-Thunderbird-Jawa.jpg', 'https://www.dugdugmotorcycles.com/wp-content/uploads/2020/07/Backrest-Royal-Enfield-Classic-Interceptor-Thunderbird-Jawa-1-510x816.jpg']","₹2,999.00",-,-,-,-,-,-,-,"₹1,850.00",-,-,-,-,-,-,-,-,-,-,-
Back Rest with Rope Stock Type for Royal Enfield Classic Standard Electra,"Weight
1.0 kg",-,DUGDUG-968,-,-,-,-,-,-,-,-,['https://www.dugdugmotorcycles.com/wp-content/uploads/2021/01/dug-dug-back-rest-rope-royal-enfield-classic-standard-electra-510x654.jpg'],₹599.00,-,-,-,-,-,-,-,₹499.00,-,-,-,-,-,-,-,-,-,-,-
Dug Dug Adjustable Cushion Backrest with Carrier for Jawa,"Product description

Dug Dug – The thump that binds….
Specially designed Backrest for Jawa,-Made with good quality metal and foam cushion for stable strong body and comfortable sitting experience.
The backrest advances the sitting and ride experience for the back sitter in long hilly area rides.-The backrest is designed specially for the Jawa, for more comfort in off-type roads.
The stylish backrest make your bike look great and more comfortable and an eye-catcher for everyone.
Heavy Metal Harley Style Adjustable Cushion Backrest with Carrier, Pillion Back Rest Cushion Support Compatible for Jawa. Prevents Pressure ,Injuries and Ensures a Longer, More Enjoyable Ride Without any Pain. Fits As Per Vehicle Make Model Enhances Overall Looks of the Vehicle Gives Pillion Comfortable Cushioned Back Support on Long Distances.Structure of Backrest Made up of Aluminum Alloy.Covered with Good Quality Cushion Finished with Beautiful Rexine Leather. Enhances Overall Looks of the Vehicle and Makes It more Appealing.It Help to Make Pillion Rider Feel More Safe and Back Cushion Make Sure the Each Ride is a Fun Ride.





Weight
3.0 kg",-,DUGDUG-761,-,-,-,-,-,-,-,-,"['https://www.dugdugmotorcycles.com/wp-content/uploads/2020/07/Backrest-Royal-Enfield-Classic-Interceptor-Thunderbird-Jawa-2-510x362.jpg', 'https://www.dugdugmotorcycles.com/wp-content/uploads/2020/07/Backrest-Royal-Enfield-Classic-Interceptor-Thunderbird-Jawa.jpg', 'https://www.dugdugmotorcycles.com/wp-content/uploads/2020/07/Backrest-Royal-Enfield-Classic-Interceptor-Thunderbird-Jawa-1-510x816.jpg']","₹2,999.00",-,-,-,-,-,-,-,"₹1,850.00",-,-,-,-,-,-,-,-,-,-,-
Dug Dug Adjustable Cushion Backrest with Carrier for Royal Enfield Thunderbird,"Product description

Dug Dug – The thump that binds….
Specially designed Backrest for Interceptor and Continental GT 650,-Made with good quality metal and foam cushion for stable strong body and comfortable sitting experience.
The backrest advances the sitting and ride experience for the back sitter in long hilly area rides.-The backrest is designed specially for Royal Enfield Thunderbird, for more comfort in off-type roads.
The stylish backrest make your bike look great and more comfortable and an eye-catcher for everyone.
Heavy Metal Harley Style Adjustable Cushion Backrest with Carrier, Pillion Back Rest Cushion Support Compatible for ROYAL ENFIELD Thunderbird. Prevents Pressure ,Injuries and Ensures a Longer, More Enjoyable Ride Without any Pain. Fits As Per Vehicle Make Model Enhances Overall Looks of the Vehicle Gives Pillion Comfortable Cushioned Back Support on Long Distances.Structure of Backrest Made up of Aluminum Alloy.Covered with Good Quality Cushion Finished with Beautiful Raxine Leather. Enhances Overall Looks of the Vehicle and Makes It more Appealing.It Help to Make Pillion Rider Feel More Safe and Back Cushion Make Sure the Each Ride is a Fun Ride.





Weight
3.0 kg",-,DUGDUG-760,-,-,-,-,-,-,-,-,"['https://www.dugdugmotorcycles.com/wp-content/uploads/2020/07/Backrest-Royal-Enfield-Classic-Interceptor-Thunderbird-Jawa-2-510x362.jpg', 'https://www.dugdugmotorcycles.com/wp-content/uploads/2020/07/Backrest-Royal-Enfield-Classic-Interceptor-Thunderbird-Jawa.jpg', 'https://www.dugdugmotorcycles.com/wp-content/uploads/2020/07/Backrest-Royal-Enfield-Classic-Interceptor-Thunderbird-Jawa-1-510x816.jpg']","₹2,999.00",-,-,-,-,-,-,-,"₹1,850.00",-,-,-,-,-,-,-,-,-,-,-
"Dug Dug Adjustable Cushion Backrest with Carrier for Royal Enfield Classic, Standard, Electra","Product description

Dug Dug – The thump that binds….
Specially designed Backrest for Interceptor and Continental GT 650,-Made with good quality metal and foam cushion for stable strong body and comfortable sitting experience.
The backrest advances the sitting and ride experience for the back sitter in long hilly area rides.-The backrest is designed specially for the Royal Enfield Classic, Standard, Electra, for more comfort in off-type roads.
The stylish backrest make your bike look great and more comfortable and an eye-catcher for everyone.
Heavy Metal Harley Style Adjustable Cushion Backrest with Carrier, Pillion Back Rest Cushion Support Compatible for ROYAL ENFIELD Classic, Standard, Electra.Prevents Pressure ,Injuries and Ensures a Longer, More Enjoyable Ride Without any Pain. Fits As Per Vehicle Make Model Enhances Overall Looks of the Vehicle Gives Pillion Comfortable Cushioned Back Support on Long Distances.Structure of Backrest Made up of Aluminum Alloy.Covered with Good Quality Cushion Finished with Beautiful Raxine Leather. Enhances Overall Looks of the Vehicle and Makes It more Appealing.It Help to Make Pillion Rider Feel More Safe and Back Cushion Make Sure the Each Ride is a Fun Ride.





Weight
3.0 kg",-,DUGDUG-759,-,-,-,-,-,-,-,-,"['https://www.dugdugmotorcycles.com/wp-content/uploads/2020/07/Backrest-Royal-Enfield-Classic-Interceptor-Thunderbird-Jawa-2-510x362.jpg', 'https://www.dugdugmotorcycles.com/wp-content/uploads/2020/07/Backrest-Royal-Enfield-Classic-Interceptor-Thunderbird-Jawa.jpg', 'https://www.dugdugmotorcycles.com/wp-content/uploads/2020/07/Backrest-Royal-Enfield-Classic-Interceptor-Thunderbird-Jawa-1-510x816.jpg']","₹2,999.00",-,-,-,-,-,-,-,"₹1,850.00",-,-,-,-,-,-,-,-,-,-,-
Dug Dug Adjustable Cushion Backrest with Carrier for Royal Enfield Interceptor 650,"Product description

Dug Dug – The thump that binds….
Specially designed Backrest for Interceptor and Continental GT 650,-Made with good quality metal and foam cushion for stable strong body and comfortable sitting experience.
The backrest advances the sitting and ride experience for the back sitter in long hilly area rides.-The backrest is designed specially for the Himalayan bikes Interceptor and Continental GT, for more comfort in off-type roads.
The stylish backrest make your bike look great and more comfortable and an eye-catcher for everyone.
Heavy Metal Harley Style Adjustable Cushion Backrest with Carrier, Pillion Back Rest Cushion Support Compatible for ROYAL ENFIELD INTERCEPTOR 650 CONTINENTAL 650.Prevents Pressure ,Injuries and Ensures a Longer, More Enjoyable Ride Without any Pain. Fits As Per Vehicle Make Model Enhances Overall Looks of the Vehicle Gives Pillion Comfortable Cushioned Back Support on Long Distances.Structure of Backrest Made up of Aluminum Alloy.Covered with Good Quality Cushion Finished with Beautiful Rexine Leather. Enhances Overall Looks of the Vehicle and Makes It more Appealing.It Help to Make Pillion Rider Feel More Safe and Back Cushion Make Sure the Each Ride is a Fun Ride.





Weight
3.0 kg",-,DUGDUG-758,-,-,-,-,-,-,-,-,"['https://www.dugdugmotorcycles.com/wp-content/uploads/2020/07/Backrest-Royal-Enfield-Classic-Interceptor-Thunderbird-Jawa-2-510x362.jpg', 'https://www.dugdugmotorcycles.com/wp-content/uploads/2020/07/Backrest-Royal-Enfield-Classic-Interceptor-Thunderbird-Jawa.jpg', 'https://www.dugdugmotorcycles.com/wp-content/uploads/2020/07/Backrest-Royal-Enfield-Classic-Interceptor-Thunderbird-Jawa-1-510x816.jpg']","₹2,999.00",-,-,-,-,-,-,-,"₹1,850.00",-,-,-,-,-,-,-,-,-,-,-
Leatherite Wrap Back Rest for Royal Enfield,"Leatherite Wrap Back Rest for Royal Enfield Classic, Electra, Standard. Heavy Quality PU COATED material with long durability and strong support.




Weight
0.85 kg",-,DUGDUG-672,-,-,-,-,-,-,-,-,"['https://www.dugdugmotorcycles.com/wp-content/uploads/2020/06/Royal-Enfield-Back-Rest-3-510x412.jpg', 'https://www.dugdugmotorcycles.com/wp-content/uploads/2020/06/Royal-Enfield-Back-Rest-5-510x383.jpg', 'https://www.dugdugmotorcycles.com/wp-content/uploads/2020/06/Royal-Enfield-Back-Rest-3-510x412.jpg', 'https://www.dugdugmotorcycles.com/wp-content/uploads/2020/06/Royal-Enfield-Back-Rest-6-510x383.jpg']",₹999.00,-,-,-,-,-,-,-,₹499.00,-,-,-,-,-,-,-,-,-,-,-
Back Rest with Rope for Royal Enfield,"Weight
1.0 kg",-,DUGDUG-671,-,-,-,-,-,-,-,-,"['https://www.dugdugmotorcycles.com/wp-content/uploads/2020/06/Royal-Enfield-Back-Rest-10-510x699.jpg', 'https://www.dugdugmotorcycles.com/wp-content/uploads/2020/06/Royal-Enfield-Back-Rest-7-510x581.jpg', 'https://www.dugdugmotorcycles.com/wp-content/uploads/2020/06/Royal-Enfield-Back-Rest-9-510x680.jpg', 'https://www.dugdugmotorcycles.com/wp-content/uploads/2020/06/Royal-Enfield-Back-Rest-8-510x430.jpg']",₹999.00,-,-,-,-,-,-,-,₹499.00,-,-,-,-,-,-,-,-,-,-,-
Back Rest for Royal Enfield PU COATED,"Weight
1.0 kg",-,DUGDUG-670,-,-,-,-,-,-,-,-,"['https://www.dugdugmotorcycles.com/wp-content/uploads/2020/06/Royal-Enfield-Back-Rest-2-510x339.jpg', 'https://www.dugdugmotorcycles.com/wp-content/uploads/2020/06/Royal-Enfield-Back-Rest-510x680.jpg', 'https://www.dugdugmotorcycles.com/wp-content/uploads/2020/06/Royal-Enfield-Back-Rest-1-510x383.jpg']",₹999.00,-,-,-,-,-,-,-,₹550.00,-,-,-,-,-,-,-,-,-,-,-
New Back Rest for Royal Enfield,"• Direct Fit
• Comfortable Cushion Back Seat
• Heavy Quality
• 15 Days ‘Dug Dug’ Replacement Warranty




Weight
1.0 kg",-,DUGDUG-535,-,-,-,-,-,-,-,-,['https://www.dugdugmotorcycles.com/wp-content/uploads/2019/12/IMG-20181207-WA0018-510x510.jpg'],"₹1,399.00",-,-,-,-,-,-,-,₹950.00,-,-,-,-,-,-,-,-,-,-,-
Royal Enfield Back Rest PU COATED,"Weight
0.5 kg",-,DUGDUG-428,-,-,-,-,-,-,-,-,['https://www.dugdugmotorcycles.com/wp-content/uploads/2019/10/1072539765-scaled-510x460.jpg'],₹999.00,-,-,-,-,-,-,-,₹499.00,-,-,-,-,-,-,-,-,-,-,-
Stock Type Back Rest for Thunderbird and TBTS X – Black,"• Direct Fit
• Heavy Quality
• Comfortable Cushion Back Seat
• 15 Days ‘Dug Dug’ Replacement Warranty",-,DUGDUG-168,-,-,-,-,-,-,-,-,['https://www.dugdugmotorcycles.com/wp-content/uploads/2019/09/1105856222.jpg'],₹850.00,-,-,-,-,-,-,-,₹850.00,-,-,-,-,-,-,-,-,-,-,-
Stock Back Rest for Royal Enfield Standard – Black,"• Direct Fit
• Heavy Quality
• 15 Days ‘Dug Dug’ Replacement Warranty",-,DUGDUG-169,-,-,-,-,-,-,-,-,['https://www.dugdugmotorcycles.com/wp-content/uploads/2019/09/1105854680-510x510.jpg'],₹279.00,-,-,-,-,-,-,-,₹279.00,-,-,-,-,-,-,-,-,-,-,-
Rear Carrier for Classic 350 – Free Shipping – Himalayan Type,-,-,DUGDUG-170,-,-,-,-,-,-,-,-,['https://www.dugdugmotorcycles.com/wp-content/uploads/2019/09/1091346950-scaled-510x529.jpg'],₹599.00,-,-,-,-,-,-,-,₹599.00,-,-,-,-,-,-,-,-,-,-,-
New Capsule Type Backrest Support Pillion Rest for – Royal Enfield Classic All Models,"• Direct Fit
• Heavy Quality
• 15 Days ‘Dug Dug’ Replacement Warranty",-,DUGDUG-171,-,-,-,-,-,-,-,-,"['https://www.dugdugmotorcycles.com/wp-content/uploads/2019/09/1144863575-510x510.jpg', 'https://www.dugdugmotorcycles.com/wp-content/uploads/2019/09/4_40722098-e616-4193-bb50-8bab76b7553c_grande-510x510.jpg', 'https://www.dugdugmotorcycles.com/wp-content/uploads/2019/09/3_7a135cef-9b1c-4174-9285-0ec1607ac9bf_grande-510x510.jpg', 'https://www.dugdugmotorcycles.com/wp-content/uploads/2019/09/2_c4bb3736-53cb-4934-849e-50d816d13eb7_grande-510x510.jpg']",₹599.00,-,-,-,-,-,-,-,₹599.00,-,-,-,-,-,-,-,-,-,-,-
Harley Type Back Rest for Royal Enfield – Chrome,"• Direct Fit
• Comfortable Cushion Back Seat
• Heavy Quality
• 15 Days ‘Dug Dug’ Replacement Warranty",-,DUGDUG-172,-,-,-,-,-,-,-,-,"['https://www.dugdugmotorcycles.com/wp-content/uploads/2019/09/1105854278.jpg', 'https://www.dugdugmotorcycles.com/wp-content/uploads/2019/09/Royal-EnfieldBIKE-BULLET-Back-Rest-Chrome-SEAT-_57-2_burned-510x411.jpg', 'https://www.dugdugmotorcycles.com/wp-content/uploads/2019/09/Royal-EnfieldBIKE-BULLET-Back-Rest-Chrome-SEAT-_57-4_burned-510x411.jpg', 'https://www.dugdugmotorcycles.com/wp-content/uploads/2019/09/Royal-EnfieldBIKE-BULLET-Back-Rest-Chrome-SEAT-_57-3-510x411.jpg', 'https://www.dugdugmotorcycles.com/wp-content/uploads/2019/09/Royal-EnfieldBIKE-BULLET-Back-Rest-Chrome-SEAT-_57-5_burned-510x411.jpg']",₹799.00,-,-,-,-,-,-,-,₹799.00,-,-,-,-,-,-,-,-,-,-,-
Harley Type Back Rest for Royal Enfield – Black,"• Direct Fit
• Comfortable Cushion Back Seat
• Heavy Quality
• 15 Days ‘Dug Dug’ Replacement Warranty",-,DUGDUG-173,-,-,-,-,-,-,-,-,"['https://www.dugdugmotorcycles.com/wp-content/uploads/2019/09/1105854595.jpg', 'https://www.dugdugmotorcycles.com/wp-content/uploads/2019/09/81iOzTYRbqL._SL1500_-scaled-510x510.jpg']",₹799.00,-,-,-,-,-,-,-,₹799.00,-,-,-,-,-,-,-,-,-,-,-
Back Rest with Carrier for Royal Enfield – Black,"• Direct Fit
• Heavy Quality
• Comfortable Cushion Back Seat
• 15 Days ‘Dug Dug’ Replacement Warranty",-,DUGDUG-163,-,-,-,-,-,-,-,-,['https://www.dugdugmotorcycles.com/wp-content/uploads/2019/09/1105854976.jpg'],₹699.00,-,-,-,-,-,-,-,₹699.00,-,-,-,-,-,-,-,-,-,-,-
Backrest Support Pillion Black Heavy Cushion Back Rest for – Royal Enfield Classic All Models,"• Direct Fit
• Heavy Quality
• Comfortable Cushion Back Seat
• 15 Days ‘Dug Dug’ Replacement Warranty",-,DUGDUG-164,-,-,-,-,-,-,-,-,"['https://www.dugdugmotorcycles.com/wp-content/uploads/2019/09/1105858142.jpg', 'https://www.dugdugmotorcycles.com/wp-content/uploads/2019/09/31y6z5jQWcL.jpg', 'https://www.dugdugmotorcycles.com/wp-content/uploads/2019/09/31H36RO78jL.jpg', 'https://www.dugdugmotorcycles.com/wp-content/uploads/2019/09/31FkuzhdYnL.jpg', 'https://www.dugdugmotorcycles.com/wp-content/uploads/2019/09/31uBNnSOMPL.jpg']",₹950.00,-,-,-,-,-,-,-,₹950.00,-,-,-,-,-,-,-,-,-,-,-
Back Rest Foam for Royal Enfield Stock Back Rest – Tan,"Vehicle Compatibility: Royal Enfield Classic 350/500,Standard 350/500, Electra 350/500,Thunder Bird 350/500.
Made from premium quality material.
Back Rest Foam Brown Type.
Fit Your Royal Enfield back Rest foam.
Easy installation (install by professional).
This is Back rest form support your back and very comfortable in siting, Made with best quality.
Enhances look of the vehicle with its fine detailing.
100 percent brand new and high quality.",-,DUGDUG-165,-,-,-,-,-,-,-,-,"['https://www.dugdugmotorcycles.com/wp-content/uploads/2019/09/1144863885-510x510.jpg', 'https://www.dugdugmotorcycles.com/wp-content/uploads/2019/09/2_01bccf79-f07f-42ea-a0b9-b924a18e5fc1_1024x1024-510x510.jpg', 'https://www.dugdugmotorcycles.com/wp-content/uploads/2019/09/3_f5b84a38-3aef-4436-95b5-f0b5702cde91_grande-510x510.jpg']",₹149.00,-,-,-,-,-,-,-,₹149.00,-,-,-,-,-,-,-,-,-,-,-
Back Rest Foam for Royal Enfield Stock Back Rest – Coffee Brown,-,-,DUGDUG-166,-,-,-,-,-,-,-,-,"[""data:image/svg+xml,%3Csvg%20xmlns='http://www.w3.org/2000/svg'%20viewBox='0%200%20510%20510'%3E%3C/svg%3E"", 'https://www.dugdugmotorcycles.com/wp-content/uploads/woocommerce-placeholder-510x510.png']",₹149.00,-,-,-,-,-,-,-,₹149.00,-,-,-,-,-,-,-,-,-,-,-
Back Rest Foam for Royal Enfield Stock Back Rest – Black,-,-,DUGDUG-167,-,-,-,-,-,-,-,-,"['https://www.dugdugmotorcycles.com/wp-content/uploads/2019/09/1144866611-510x510.jpg', 'https://www.dugdugmotorcycles.com/wp-content/uploads/2019/09/2_4db92288-482d-4ade-9acb-b2f8fc5586e1_1024x1024-510x510.jpg']",₹149.00,-,-,-,-,-,-,-,₹149.00,-,-,-,-,-,-,-,-,-,-,-
