Product name,Description,Slug,SKU,Auto Generate SKU,Categories,Status,Is featured?,Brand,Product collections,Labels,Taxes,Images,Price,Product attributes,Import type,Is variation default?,Stock status,With storehouse management,Quantity,Allow checkout when out of stock,Sale price,Start date sale price,End date sale price,Weight,Length,Wide,Height,Cost per item,Barcode,Content,Tags,Vendor
Dug Dug Handle Bar Riser for Royal Enfield Continental GT 650,"Weight
1.0 kg",-,DUGDUG-1298,-,-,-,-,-,-,-,-,['https://www.dugdugmotorcycles.com/wp-content/uploads/2022/02/dug-dug-Handle-Bar-Riser-for-Royal-Enfield-Continental-GT-650-510x510.jpg'],"₹1,999.00",-,-,-,-,-,-,-,"₹1,599.00",-,-,-,-,-,-,-,-,-,-,-
Heavy Quality 2Pcs Aluminum CNC Motorcycle Handlebar Riser Handle Bar Clamp For All Bikes,"Features:
1. Universal design, suitable for all 22mm or 28mm diameter motorcycle handlebars.
2. Manufactured from premium CNC aluminum for high strength and durability.
3. No drilling or welding required, easy and convenient to install.
4. This motorcycle handlebar riser has a long service life and stable performance.
5. A great bar position solution and a common choice for almost motorcycles.
Specification:
Conditon: 100% Brand New
Item Type: Motorcycle Handlebar Riser Bracket
Material: CNC Aluminum
Color: As Pictures Shown
Fitment: Universal Fitment
Fit for all 22mm / 28mm (0.9in/1.1in) diameter motorcycle handlebars
Package List:
2 x Motorcycle Handlebar Riser Bracket
Note:
Please confirm whether the product size is suitable for your car before buying to avoid unnecessary return, thanks!




Weight
1.8 kg",-,DUGDUG-1210,-,-,-,-,-,-,-,-,"['https://www.dugdugmotorcycles.com/wp-content/uploads/2021/12/Heavy-Quality-2Pcs-Aluminum-CNC-Motorcycle-Handlebar-Riser-Handle-Bar-Clamp-For-All-Bikes-dug-dug-motorcycles-9-510x510.jpg', 'https://www.dugdugmotorcycles.com/wp-content/uploads/2021/12/Heavy-Quality-2Pcs-Aluminum-CNC-Motorcycle-Handlebar-Riser-Handle-Bar-Clamp-For-All-Bikes-dug-dug-motorcycles-7-510x415.jpg', 'https://www.dugdugmotorcycles.com/wp-content/uploads/2021/12/Heavy-Quality-2Pcs-Aluminum-CNC-Motorcycle-Handlebar-Riser-Handle-Bar-Clamp-For-All-Bikes-dug-dug-motorcycles-10-510x510.jpg', 'https://www.dugdugmotorcycles.com/wp-content/uploads/2021/12/Heavy-Quality-2Pcs-Aluminum-CNC-Motorcycle-Handlebar-Riser-Handle-Bar-Clamp-For-All-Bikes-dug-dug-motorcycles-8-510x510.jpg', 'https://www.dugdugmotorcycles.com/wp-content/uploads/2021/12/Heavy-Quality-2Pcs-Aluminum-CNC-Motorcycle-Handlebar-Riser-Handle-Bar-Clamp-For-All-Bikes-dug-dug-motorcycles-6-510x510.jpg', 'https://www.dugdugmotorcycles.com/wp-content/uploads/2021/12/Heavy-Quality-2Pcs-Aluminum-CNC-Motorcycle-Handlebar-Riser-Handle-Bar-Clamp-For-All-Bikes-dug-dug-motorcycles-5-510x510.jpg', 'https://www.dugdugmotorcycles.com/wp-content/uploads/2021/12/Heavy-Quality-2Pcs-Aluminum-CNC-Motorcycle-Handlebar-Riser-Handle-Bar-Clamp-For-All-Bikes-dug-dug-motorcycles-4-510x510.jpg', 'https://www.dugdugmotorcycles.com/wp-content/uploads/2021/12/Heavy-Quality-2Pcs-Aluminum-CNC-Motorcycle-Handlebar-Riser-Handle-Bar-Clamp-For-All-Bikes-dug-dug-motorcycles-3-510x510.jpg', 'https://www.dugdugmotorcycles.com/wp-content/uploads/2021/12/Heavy-Quality-2Pcs-Aluminum-CNC-Motorcycle-Handlebar-Riser-Handle-Bar-Clamp-For-All-Bikes-dug-dug-motorcycles-1-510x510.jpg', 'https://www.dugdugmotorcycles.com/wp-content/uploads/2021/12/Heavy-Quality-2Pcs-Aluminum-CNC-Motorcycle-Handlebar-Riser-Handle-Bar-Clamp-For-All-Bikes-dug-dug-motorcycles-2-510x510.jpg']","₹4,999.00",-,-,-,-,-,-,-,"₹2,600.00",-,-,-,-,-,-,-,-,-,-,-
