Product name,Description,Slug,SKU,Auto Generate SKU,Categories,Status,Is featured?,Brand,Product collections,Labels,Taxes,Images,Price,Product attributes,Import type,Is variation default?,Stock status,With storehouse management,Quantity,Allow checkout when out of stock,Sale price,Start date sale price,End date sale price,Weight,Length,Wide,Height,Cost per item,Barcode,Content,Tags,Vendor
BSDDP Hand Guard for Motorcycle Universal Hand Guard Protector for all Bikes – Metallic Green,"BSDDP Hand Guard Green 
BSDDP Hand Guard Green shield the rider’s hands from wind, rain, cold weather, and flying debris, preventing injuries in case of a fall or collision. Riders can easily mount hand guards on the motorcycle handlebars, adjusting their position for optimal protection and comfort.
These hand guards feature aerodynamic designs, reducing wind resistance and minimizing buffeting at high speeds, enhancing motorcycle stability. Quality hand guards resist weather elements, keeping riders’ hands dry and warm. Some models include built-in wind deflectors for added protection. Certain hand guards incorporate reflective elements or bright colors, improving rider visibility in low-light conditions and enhancing overall safety. 
Well-designed hand guards allow seamless manipulation of controls like clutch and brake levers while providing essential protection, ensuring rider safety. Hand guards are designed for straightforward installation, requiring basic tools. They fit securely on the handlebars, eliminating wobbling or vibrations during riding. Manufacturers ensure hand guards are compatible with various motorcycle models, but it’s essential to confirm compatibility before purchasing. Hand guards are available in diverse styles and colors, allowing riders to choose designs that complement their motorcycle’s aesthetics. 
BSDDP Hand Guard Green feature additional functionalities, such as integrated LED turn signals, heated grips, or built-in wind deflectors, enhancing overall motorcycle utility.
 
Specification:
Material:PP Plastic And Aluminum Alloy
Size:15cm/5.91inch x 12.5cm/4.92inch x 5cm/1.97inch
Package Included:
2 x Motorcycle Handlebar Handguards Left + Right",-,DUGDUG-1685,-,-,-,-,-,-,-,-,['https://www.dugdugmotorcycles.com/wp-content/uploads/2023/10/Motorcycle-Hand-Guards-Universal-Motorcycle-Handguard-Shield-Hand-Guard-Protector-for-all-Bikes-1-510x441.webp'],"₹1,999.00",-,-,-,-,-,-,-,₹999.00,-,-,-,-,-,-,-,-,-,-,-
BSDDP Hand Guard for Motorcycle Universal Hand Guard Protector for all Bikes – White,"BSDDP Hand Guard White
BSDDP Hand Guard White shield the rider’s hands from wind, rain, cold weather, and flying debris, preventing injuries in case of a fall or collision. Riders can easily mount hand guards on the motorcycle handlebars, adjusting their position for optimal protection and comfort.
These hand guards feature aerodynamic designs, reducing wind resistance and minimizing buffeting at high speeds, enhancing motorcycle stability. Quality hand guards resist weather elements, keeping riders’ hands dry and warm. Some models include built-in wind deflectors for added protection. Certain hand guards incorporate reflective elements or bright colors, improving rider visibility in low-light conditions and enhancing overall safety. 
Well-designed hand guards allow seamless manipulation of controls like clutch and brake levers while providing essential protection, ensuring rider safety. Hand guards are designed for straightforward installation, requiring basic tools. They fit securely on the handlebars, eliminating wobbling or vibrations during riding. Manufacturers ensure hand guards are compatible with various motorcycle models, but it’s essential to confirm compatibility before purchasing. Hand guards are available in diverse styles and colors, allowing riders to choose designs that complement their motorcycle’s aesthetics. 
BSDDP Hand Guard White feature additional functionalities, such as integrated LED turn signals, heated grips, or built-in wind deflectors, enhancing overall motorcycle utility.
 
Specification:
Material:PP Plastic And Aluminum Alloy
Size:15cm/5.91inch x 12.5cm/4.92inch x 5cm/1.97inch
Package Included:
2 x Motorcycle Handlebar Handguards Left + Right",-,DUGDUG-1684,-,-,-,-,-,-,-,-,['https://www.dugdugmotorcycles.com/wp-content/uploads/2023/10/Motorcycle-Hand-Guards-Universal-Motorcycle-Handguard-Shield-Hand-Guard-Protector-for-all-Bikes-2-510x442.webp'],"₹1,999.00",-,-,-,-,-,-,-,₹999.00,-,-,-,-,-,-,-,-,-,-,-
BSDDP Hand Guard for Motorcycle Universal Hand Guard Protector for all Bikes – Metallic Green,"BSDDP Hand Guard Green 
BSDDP Hand Guard Green shield the rider’s hands from wind, rain, cold weather, and flying debris, preventing injuries in case of a fall or collision. Riders can easily mount hand guards on the motorcycle handlebars, adjusting their position for optimal protection and comfort.
These hand guards feature aerodynamic designs, reducing wind resistance and minimizing buffeting at high speeds, enhancing motorcycle stability. Quality hand guards resist weather elements, keeping riders’ hands dry and warm. Some models include built-in wind deflectors for added protection. Certain hand guards incorporate reflective elements or bright colors, improving rider visibility in low-light conditions and enhancing overall safety. 
Well-designed hand guards allow seamless manipulation of controls like clutch and brake levers while providing essential protection, ensuring rider safety. Hand guards are designed for straightforward installation, requiring basic tools. They fit securely on the handlebars, eliminating wobbling or vibrations during riding. Manufacturers ensure hand guards are compatible with various motorcycle models, but it’s essential to confirm compatibility before purchasing. Hand guards are available in diverse styles and colors, allowing riders to choose designs that complement their motorcycle’s aesthetics. 
BSDDP Hand Guard Green feature additional functionalities, such as integrated LED turn signals, heated grips, or built-in wind deflectors, enhancing overall motorcycle utility.
 
Specification:
Material:PP Plastic And Aluminum Alloy
Size:15cm/5.91inch x 12.5cm/4.92inch x 5cm/1.97inch
Package Included:
2 x Motorcycle Handlebar Handguards Left + Right",-,DUGDUG-1685,-,-,-,-,-,-,-,-,['https://www.dugdugmotorcycles.com/wp-content/uploads/2023/10/Motorcycle-Hand-Guards-Universal-Motorcycle-Handguard-Shield-Hand-Guard-Protector-for-all-Bikes-1-510x441.webp'],"₹1,999.00",-,-,-,-,-,-,-,₹999.00,-,-,-,-,-,-,-,-,-,-,-
BSDDP Hand Guard for Motorcycle Universal Hand Guard Protector for all Bikes – Red,"BSDDP Hand Guard Red
BSDDP Hand Guard Red shield the rider’s hands from wind, rain, cold weather, and flying debris, preventing injuries in case of a fall or collision. Riders can easily mount hand guards on the motorcycle handlebars, adjusting their position for optimal protection and comfort.
These hand guards feature aerodynamic designs, reducing wind resistance and minimizing buffeting at high speeds, enhancing motorcycle stability. Quality hand guards resist weather elements, keeping riders’ hands dry and warm. Some models include built-in wind deflectors for added protection. Certain hand guards incorporate reflective elements or bright colors, improving rider visibility in low-light conditions and enhancing overall safety. 
Well-designed hand guards allow seamless manipulation of controls like clutch and brake levers while providing essential protection, ensuring rider safety. Hand guards are designed for straightforward installation, requiring basic tools. They fit securely on the handlebars, eliminating wobbling or vibrations during riding. Manufacturers ensure hand guards are compatible with various motorcycle models, but it’s essential to confirm compatibility before purchasing. Hand guards are available in diverse styles and colors, allowing riders to choose designs that complement their motorcycle’s aesthetics. 
BSDDP Hand Guard Red feature additional functionalities, such as integrated LED turn signals, heated grips, or built-in wind deflectors, enhancing overall motorcycle utility.
 
Specification:
Material:PP Plastic And Aluminum Alloy
Size:15cm/5.91inch x 12.5cm/4.92inch x 5cm/1.97inch
Package Included:
2 x Motorcycle Handlebar Handguards Left + Right",-,DUGDUG-1682,-,-,-,-,-,-,-,-,"['https://www.dugdugmotorcycles.com/wp-content/uploads/2023/10/Motorcycle-Hand-Guards-Universal-Motorcycle-Handguard-Shield-Hand-Guard-Protector-for-all-Bikes-5-510x438.webp', 'https://www.dugdugmotorcycles.com/wp-content/uploads/2023/10/Motorcycle-Hand-Guards-Universal-Motorcycle-Handguard-Shield-Hand-Guard-Protector-for-all-Bikes-4-510x425.webp']",$61.97,-,-,-,-,-,-,-,,-,-,-,-,-,-,-,-,-,-,-
BSDDP Hand Guard for Motorcycle Universal Hand Guard Protector for all Bikes – Grey,"BSDDP Hand Guard Grey 
BSDDP Hand Guard Grey shield the rider’s hands from wind, rain, cold weather, and flying debris, preventing injuries in case of a fall or collision. Riders can easily mount hand guards on the motorcycle handlebars, adjusting their position for optimal protection and comfort.
These hand guards feature aerodynamic designs, reducing wind resistance and minimizing buffeting at high speeds, enhancing motorcycle stability. Quality hand guards resist weather elements, keeping riders’ hands dry and warm. Some models include built-in wind deflectors for added protection. Certain hand guards incorporate reflective elements or bright colors, improving rider visibility in low-light conditions and enhancing overall safety. 
Well-designed hand guards allow seamless manipulation of controls like clutch and brake levers while providing essential protection, ensuring rider safety. Hand guards are designed for straightforward installation, requiring basic tools. They fit securely on the handlebars, eliminating wobbling or vibrations during riding. Manufacturers ensure hand guards are compatible with various motorcycle models, but it’s essential to confirm compatibility before purchasing. Hand guards are available in diverse styles and colors, allowing riders to choose designs that complement their motorcycle’s aesthetics. 
BSDDP Hand Guard Grey feature additional functionalities, such as integrated LED turn signals, heated grips, or built-in wind deflectors, enhancing overall motorcycle utility.
 
Specification:
Material:PP Plastic And Aluminum Alloy
Size:15cm/5.91inch x 12.5cm/4.92inch x 5cm/1.97inch
Package Included:
2 x Motorcycle Handlebar Handguards Left + Right",-,DUGDUG-1681,-,-,-,-,-,-,-,-,['https://www.dugdugmotorcycles.com/wp-content/uploads/2023/10/Motorcycle-Hand-Guards-Universal-Motorcycle-Handguard-Shield-Hand-Guard-Protector-for-all-Bikes-6-510x441.webp'],"₹1,999.00",-,-,-,-,-,-,-,₹999.00,-,-,-,-,-,-,-,-,-,-,-
BSDDP Hand Guard for Motorcycle Universal Hand Guard Protector for all Bikes – Black,"BSDDP Hand Guard Black
BSDDP Hand Guard Black shield the rider’s hands from wind, rain, cold weather, and flying debris, preventing injuries in case of a fall or collision. Riders can easily mount hand guards on the motorcycle handlebars, adjusting their position for optimal protection and comfort.
These hand guards feature aerodynamic designs, reducing wind resistance and minimizing buffeting at high speeds, enhancing motorcycle stability. Quality hand guards resist weather elements, keeping riders’ hands dry and warm. Some models include built-in wind deflectors for added protection. Certain hand guards incorporate reflective elements or bright colors, improving rider visibility in low-light conditions and enhancing overall safety. 
Well-designed hand guards allow seamless manipulation of controls like clutch and brake levers while providing essential protection, ensuring rider safety. Hand guards are designed for straightforward installation, requiring basic tools. They fit securely on the handlebars, eliminating wobbling or vibrations during riding. Manufacturers ensure hand guards are compatible with various motorcycle models, but it’s essential to confirm compatibility before purchasing. Hand guards are available in diverse styles and colors, allowing riders to choose designs that complement their motorcycle’s aesthetics. 
BSDDP Hand Guard Black feature additional functionalities, such as integrated LED turn signals, heated grips, or built-in wind deflectors, enhancing overall motorcycle utility.
 
Specification:
Material:PP Plastic And Aluminum Alloy
Size:15cm/5.91inch x 12.5cm/4.92inch x 5cm/1.97inch
Package Included:
2 x Motorcycle Handlebar Handguards Left + Right",-,DUGDUG-1680,-,-,-,-,-,-,-,-,['https://www.dugdugmotorcycles.com/wp-content/uploads/2023/10/Motorcycle-Hand-Guards-Universal-Motorcycle-Handguard-Shield-Hand-Guard-Protector-for-all-Bikes-8-510x438.webp'],$61.97,-,-,-,-,-,-,-,,-,-,-,-,-,-,-,-,-,-,-
BSDDP Hand Guard for Motorcycle Universal Hand Guard Protector for all Bikes – Gold,"BSDDP Hand Guard Gold 
BSDDP Hand Guard Gold shield the rider’s hands from wind, rain, cold weather, and flying debris, preventing injuries in case of a fall or collision. Riders can easily mount hand guards on the motorcycle handlebars, adjusting their position for optimal protection and comfort.
These hand guards feature aerodynamic designs, reducing wind resistance and minimizing buffeting at high speeds, enhancing motorcycle stability. Quality hand guards resist weather elements, keeping riders’ hands dry and warm. Some models include built-in wind deflectors for added protection. Certain hand guards incorporate reflective elements or bright colors, improving rider visibility in low-light conditions and enhancing overall safety. 
Well-designed hand guards allow seamless manipulation of controls like clutch and brake levers while providing essential protection, ensuring rider safety. Hand guards are designed for straightforward installation, requiring basic tools. They fit securely on the handlebars, eliminating wobbling or vibrations during riding. Manufacturers ensure hand guards are compatible with various motorcycle models, but it’s essential to confirm compatibility before purchasing. Hand guards are available in diverse styles and colors, allowing riders to choose designs that complement their motorcycle’s aesthetics. 
BSDDP Hand Guard Gold feature additional functionalities, such as integrated LED turn signals, heated grips, or built-in wind deflectors, enhancing overall motorcycle utility.
 
Specification:
Material:PP Plastic And Aluminum Alloy
Size:15cm/5.91inch x 12.5cm/4.92inch x 5cm/1.97inch
Package Included:
2 x Motorcycle Handlebar Handguards Left + Right",-,DUGDUG-1679,-,-,-,-,-,-,-,-,['https://www.dugdugmotorcycles.com/wp-content/uploads/2023/10/Motorcycle-Hand-Guards-Universal-Motorcycle-Handguard-Shield-Hand-Guard-Protector-for-all-Bikes-7-510x438.webp'],"₹1,999.00",-,-,-,-,-,-,-,₹999.00,-,-,-,-,-,-,-,-,-,-,-
MG Hand Guard Hand Protectors Aluminum Support for All Bikes – Black,"Weight
2.5 kg",-,DUGDUG-1616,-,-,-,-,-,-,-,-,['https://www.dugdugmotorcycles.com/wp-content/uploads/2023/07/New-Hand-Guard-for-all-bikes-2-510x346.jpg'],"₹2,999.00",-,-,-,-,-,-,-,"₹1,800.00",-,-,-,-,-,-,-,-,-,-,-
Barkbusters Hand Guards Hand Protection Safety Handlebar Hand Guard for All Bikes – Black,"Weight
1.0 kg",-,DUGDUG-1547,-,-,-,-,-,-,-,-,['https://www.dugdugmotorcycles.com/wp-content/uploads/2023/02/dug-dug-bike-barkbuster-hand-protect-safety-protect-guard-original.jpg'],"₹1,999.00",-,-,-,-,-,-,-,₹999.00,-,-,-,-,-,-,-,-,-,-,-
Carbon Finish Barkbuster Handguards for All Bikes,"Weight
2.0 kg",-,DUGDUG-1498,-,-,-,-,-,-,-,-,"['https://www.dugdugmotorcycles.com/wp-content/uploads/2022/10/barkbusters-carbon-fibre-aluminium-hand-protectors-2-1-510x907.jpg', 'https://www.dugdugmotorcycles.com/wp-content/uploads/2022/10/barkbusters-carbon-fibre-aluminium-hand-protectors-1-1-510x907.jpg']","₹1,999.00",-,-,-,-,-,-,-,"₹1,350.00",-,-,-,-,-,-,-,-,-,-,-
Dug Dug Aluminium Motorcycle Handguard Bike Hand Protector Wind Guard for All Motorcycles,"Weight
0.75 kg",-,DUGDUG-916,-,-,-,-,-,-,-,-,"['https://www.dugdugmotorcycles.com/wp-content/uploads/2020/11/aluminium-hand-guard-protectors-for-all-motorcycles-6-510x451.jpg', 'https://www.dugdugmotorcycles.com/wp-content/uploads/2020/11/aluminium-hand-guard-protectors-for-all-motorcycles-7-510x434.jpg', 'https://www.dugdugmotorcycles.com/wp-content/uploads/2020/11/aluminium-hand-guard-protectors-for-all-motorcycles-4-510x463.jpg', 'https://www.dugdugmotorcycles.com/wp-content/uploads/2020/11/aluminium-hand-guard-protectors-for-all-motorcycles-3-510x485.jpg', 'https://www.dugdugmotorcycles.com/wp-content/uploads/2020/11/aluminium-hand-guard-protectors-for-all-motorcycles-2-510x465.jpg', 'https://www.dugdugmotorcycles.com/wp-content/uploads/2020/11/aluminium-hand-guard-protectors-for-all-motorcycles-1-510x440.jpg', 'https://www.dugdugmotorcycles.com/wp-content/uploads/2020/11/aluminium-hand-guard-protectors-for-all-motorcycles-5-510x434.jpg']",$92.97,-,-,-,-,-,-,-,,-,-,-,-,-,-,-,-,-,-,-
LED Hand Protectors for All Motorcycles – Black,"Description: Sold in pairs, motorcycle racing hand guards with turn signals. Windproof,built-in led indicators for road safety With enough room for brake cables and other devices. Protect hands and levers, reduce hand/finger fatigue,ensure greater motorcycle handling. Easy to install, simply connects to your side/parking/daytime running light/head light wiring.
Specification: Material: ABS Quantity: 1 pair (left & right) Built in 12v LED DRL’s (INDICATORS) Light source: LED 8 Amber LEDs per guard LED light color: Amber Wire Length: approx.50cm
Fitment: Fits most motorbike/cruiser/chopper/scooter models with 22mm(7/8″) standard handlebar. Fit brand: for Honda, for Kawasaki,for Suzuki,for Yamaha etc. Ideal for dirt bike/motocross/Snowmobile/ATV use.
Installation: Simply insert handguard spacers Into the end of your handlebar & tighten. as you tighten, the spacer expands inside your handlebar & becomes tight, locking the handguards into position. Package Includes: 2x Hand Guards. 2x Screws.




Weight
1.0 kg",-,DUGDUG-788,-,-,-,-,-,-,-,-,"['https://www.dugdugmotorcycles.com/wp-content/uploads/2020/08/Dug-Dug-Hand-Protectors-with-Led-for-all-motorcycles-4-1-510x510.jpg', 'https://www.dugdugmotorcycles.com/wp-content/uploads/2020/08/Dug-Dug-Hand-Protectors-with-Led-for-all-motorcycles-8-510x510.jpg', 'https://www.dugdugmotorcycles.com/wp-content/uploads/2020/08/Dug-Dug-Hand-Protectors-with-Led-for-all-motorcycles-7-510x510.jpg', 'https://www.dugdugmotorcycles.com/wp-content/uploads/2020/08/Dug-Dug-Hand-Protectors-with-Led-for-all-motorcycles-6-1-510x510.jpg', 'https://www.dugdugmotorcycles.com/wp-content/uploads/2020/08/Dug-Dug-Hand-Protectors-with-Led-for-all-motorcycles-5-1-510x510.jpg', 'https://www.dugdugmotorcycles.com/wp-content/uploads/2020/08/Dug-Dug-Hand-Protectors-with-Led-for-all-motorcycles-3-1-510x510.jpg', 'https://www.dugdugmotorcycles.com/wp-content/uploads/2020/08/Dug-Dug-Hand-Protectors-with-Led-for-all-motorcycles-2-1-510x510.jpg', 'https://www.dugdugmotorcycles.com/wp-content/uploads/2020/08/Dug-Dug-Hand-Protectors-with-Led-for-all-motorcycles-1-1-510x510.jpg']","₹1,999.00",-,-,-,-,-,-,-,"₹1,100.00",-,-,-,-,-,-,-,-,-,-,-
LED Hand Protectors for All Motorcycles – Red,"Description: Sold in pairs, motorcycle racing hand guards with turn signals. Windproof,built-in led indicators for road safety With enough room for brake cables and other devices. Protect hands and levers, reduce hand/finger fatigue,ensure greater motorcycle handling. Easy to install, simply connects to your side/parking/daytime running light/head light wiring.
Specification: Material: ABS Quantity: 1 pair (left & right) Built in 12v LED DRL’s (INDICATORS) Light source: LED 8 Amber LEDs per guard LED light color: Amber Wire Length: approx.50cm
Fitment: Fits most motorbike/cruiser/chopper/scooter models with 22mm(7/8″) standard handlebar. Fit brand: for Honda, for Kawasaki,for Suzuki,for Yamaha etc. Ideal for dirt bike/motocross/Snowmobile/ATV use.
Installation: Simply insert handguard spacers Into the end of your handlebar & tighten. as you tighten, the spacer expands inside your handlebar & becomes tight, locking the handguards into position. Package Includes: 2x Hand Guards. 2x Screws.









Weight
1.0 kg",-,DUGDUG-787,-,-,-,-,-,-,-,-,"['https://www.dugdugmotorcycles.com/wp-content/uploads/2020/08/Dug-Dug-Hand-Protectors-with-Led-for-all-motorcycles.jpg', 'https://www.dugdugmotorcycles.com/wp-content/uploads/2020/08/Dug-Dug-Hand-Protectors-with-Led-for-all-motorcycles-1-510x510.jpg', 'https://www.dugdugmotorcycles.com/wp-content/uploads/2020/08/Dug-Dug-Hand-Protectors-with-Led-for-all-motorcycles-2-510x510.jpg', 'https://www.dugdugmotorcycles.com/wp-content/uploads/2020/08/Dug-Dug-Hand-Protectors-with-Led-for-all-motorcycles-3-510x510.jpg', 'https://www.dugdugmotorcycles.com/wp-content/uploads/2020/08/Dug-Dug-Hand-Protectors-with-Led-for-all-motorcycles-4-510x510.jpg', 'https://www.dugdugmotorcycles.com/wp-content/uploads/2020/08/Dug-Dug-Hand-Protectors-with-Led-for-all-motorcycles-5-510x510.jpg', 'https://www.dugdugmotorcycles.com/wp-content/uploads/2020/08/Dug-Dug-Hand-Protectors-with-Led-for-all-motorcycles-6-510x510.jpg']","₹1,999.00",-,-,-,-,-,-,-,"₹1,100.00",-,-,-,-,-,-,-,-,-,-,-
Dug Dug Hand Protectors for All Motorcycles – Red,"Efficiently protect hands while driving your motorcycle Reduce hand/finger fatigue,ensure greater motorcycle handling Protect hands from brush,rocks,mud as well as cold wind It is a reinforced hand guard to protect your motorcycles Universal mounting system to fit all motorcycles, dirt bikes hand guards.




Weight
1.0 kg",-,DUGDUG-786,-,-,-,-,-,-,-,-,"['https://www.dugdugmotorcycles.com/wp-content/uploads/2020/08/Dug-Dug-Red-Hand-Protectors-for-all-Motorcycles-2-510x510.jpg', 'https://www.dugdugmotorcycles.com/wp-content/uploads/2020/08/Dug-Dug-Red-Hand-Protectors-for-all-Motorcycles-1.jpg', 'https://www.dugdugmotorcycles.com/wp-content/uploads/2020/08/Dug-Dug-Red-Hand-Protectors-for-all-Motorcycles-3-510x472.jpg']","₹1,599.00",-,-,-,-,-,-,-,₹950.00,-,-,-,-,-,-,-,-,-,-,-
Dug Dug Hand Protectors for All Motorcycles – Black,"Weight
1.0 kg",-,DUGDUG-785,-,-,-,-,-,-,-,-,"['https://www.dugdugmotorcycles.com/wp-content/uploads/2020/08/Dug-Dug-Black-Hand-Protectors-for-all-Motorcycles-1.jpg', 'https://www.dugdugmotorcycles.com/wp-content/uploads/2020/08/Dug-Dug-Black-Hand-Protectors-for-all-Motorcycles-2.jpg', 'https://www.dugdugmotorcycles.com/wp-content/uploads/2020/08/Dug-Dug-Black-Hand-Protectors-for-all-Motorcycles-6.jpg', 'https://www.dugdugmotorcycles.com/wp-content/uploads/2020/08/Dug-Dug-Black-Hand-Protectors-for-all-Motorcycles-5.jpg', 'https://www.dugdugmotorcycles.com/wp-content/uploads/2020/08/Dug-Dug-Black-Hand-Protectors-for-all-Motorcycles-4.jpg', 'https://www.dugdugmotorcycles.com/wp-content/uploads/2020/08/Dug-Dug-Black-Hand-Protectors-for-all-Motorcycles-3.jpg']",$61.97,-,-,-,-,-,-,-,,-,-,-,-,-,-,-,-,-,-,-
Dug Dug Hand Protectors for All Motorcycles – Ash White,"Weight
1.0 kg",-,DUGDUG-783,-,-,-,-,-,-,-,-,['https://www.dugdugmotorcycles.com/wp-content/uploads/2020/08/Dug-Dug-White-Hand-Protectors-for-all-Motorcycles-2-1-510x510.jpg'],"₹1,999.00",-,-,-,-,-,-,-,₹0.00,-,-,-,-,-,-,-,-,-,-,-
Dug Dug Hand Protectors for All Motorcycles – KTM Orange,"They look sharp and enhance not only your comfort level, but also your bike’s appearance. Easy Installation, No Modification Required. Reflective design, improve the security of driving,Protect hands and levers from rocks,sand,bump or any other unwanted damage. Fits for Dominar ,ktm all other bike.












Weight
1.0 kg",-,DUGDUG-782,-,-,-,-,-,-,-,-,"['https://www.dugdugmotorcycles.com/wp-content/uploads/2020/08/Dug-Dug-KTM-Hand-protectors-5.jpg', 'https://www.dugdugmotorcycles.com/wp-content/uploads/2020/08/Dug-Dug-KTM-Hand-protectors-4.jpg', 'https://www.dugdugmotorcycles.com/wp-content/uploads/2020/08/Dug-Dug-KTM-Hand-protectors-3.jpg', 'https://www.dugdugmotorcycles.com/wp-content/uploads/2020/08/Dug-Dug-KTM-Hand-protectors-2.jpg', 'https://www.dugdugmotorcycles.com/wp-content/uploads/2020/08/Dug-Dug-KTM-Hand-protectors-1.jpg']",$49.57,-,-,-,-,-,-,-,,-,-,-,-,-,-,-,-,-,-,-
