Product name,Description,Slug,SKU,Auto Generate SKU,Categories,Status,Is featured?,Brand,Product collections,Labels,Taxes,Images,Price,Product attributes,Import type,Is variation default?,Stock status,With storehouse management,Quantity,Allow checkout when out of stock,Sale price,Start date sale price,End date sale price,Weight,Length,Wide,Height,Cost per item,Barcode,Content,Tags,Vendor
Dug Dug X-Grill for Royal Enfield Super Meteor 650,"Weight
0.8 kg",-,DUGDUG-1631,-,-,-,-,-,-,-,-,"['https://www.dugdugmotorcycles.com/wp-content/uploads/2023/08/royal-enfield-super-meteor-650-accessories-3-e1691869283782-510x907.jpg', 'https://www.dugdugmotorcycles.com/wp-content/uploads/2023/08/royal-enfield-super-meteor-650-accessories-4-510x287.jpg', 'https://www.dugdugmotorcycles.com/wp-content/uploads/2023/08/royal-enfield-super-meteor-650-accessories-2-e1691869217968-510x907.jpg']","₹1,999.00",-,-,-,-,-,-,-,₹950.00,-,-,-,-,-,-,-,-,-,-,-
CNC Headlight Grill for Royal Enfield Super Meteor 650 Type 4,"Weight
1.0 kg",-,DUGDUG-1581,-,-,-,-,-,-,-,-,['https://www.dugdugmotorcycles.com/wp-content/uploads/2023/05/headlight-grill-for-super-meteor-650-dug-dug-motorcycles-4.jpg'],"₹1,999.00",-,-,-,-,-,-,-,₹999.00,-,-,-,-,-,-,-,-,-,-,-
CNC Headlight Grill for Royal Enfield Super Meteor 650 Type 3,"Weight
1.0 kg",-,DUGDUG-1580,-,-,-,-,-,-,-,-,['https://www.dugdugmotorcycles.com/wp-content/uploads/2023/05/headlight-grill-for-super-meteor-650-dug-dug-motorcycles-3-510x367.jpg'],"₹1,999.00",-,-,-,-,-,-,-,₹999.00,-,-,-,-,-,-,-,-,-,-,-
CNC Headlight Grill for Royal Enfield Super Meteor 650 Type 1,"Weight
1.0 kg",-,DUGDUG-1578,-,-,-,-,-,-,-,-,['https://www.dugdugmotorcycles.com/wp-content/uploads/2023/05/headlight-grill-for-super-meteor-650-dug-dug-motorcycles-1-510x367.jpg'],"₹1,999.00",-,-,-,-,-,-,-,₹999.00,-,-,-,-,-,-,-,-,-,-,-
Headlight Grill for Royal Enfield Hunter 350 Type 2,"Weight
0.6 kg",-,DUGDUG-1531,-,-,-,-,-,-,-,-,['https://www.dugdugmotorcycles.com/wp-content/uploads/2022/12/headlight-grill-for-royal-enfield-hunter-350-type-1-510x383.jpg'],"₹1,999.00",-,-,-,-,-,-,-,₹850.00,-,-,-,-,-,-,-,-,-,-,-
Headlight Grill for Royal Enfield Hunter 350 Type 1,"Weight
0.6 kg",-,DUGDUG-1530,-,-,-,-,-,-,-,-,['https://www.dugdugmotorcycles.com/wp-content/uploads/2022/12/headlight-grill-for-royal-enfield-hunter-350-type-2-510x680.jpg'],"₹1,999.00",-,-,-,-,-,-,-,₹850.00,-,-,-,-,-,-,-,-,-,-,-
R Logo Black Grill Set for Royal Enfield Hunter 350,"Weight
0.8 kg",-,DUGDUG-1509,-,-,-,-,-,-,-,-,['https://www.dugdugmotorcycles.com/wp-content/uploads/2022/11/dug-dug-royal-enfield-hunter-350-black-grill-set-510x287.jpg'],"₹1,299.00",-,-,-,-,-,-,-,₹750.00,-,-,-,-,-,-,-,-,-,-,-
Aluminum Grill Black Set of 8 pc for Royal Enfield Hunter 350,"Weight
1.0 kg",-,DUGDUG-1489,-,-,-,-,-,-,-,-,['https://www.dugdugmotorcycles.com/wp-content/uploads/2022/10/IMG-20221001-WA0066-510x501.jpg'],₹999.00,-,-,-,-,-,-,-,₹650.00,-,-,-,-,-,-,-,-,-,-,-
Royal Enfield Hunter 350 Aluminium CNC Grill Set of 8pc,"Weight
1.0 kg",-,DUGDUG-1470,-,-,-,-,-,-,-,-,['https://www.dugdugmotorcycles.com/wp-content/uploads/2022/09/IMG-20220918-WA0005-510x1072.jpg'],₹999.00,-,-,-,-,-,-,-,₹699.00,-,-,-,-,-,-,-,-,-,-,-
Stainless Steel Headlight Grill for Dominar 250 400,"Weight
1.0 kg",-,DUGDUG-1404,-,-,-,-,-,-,-,-,"['https://www.dugdugmotorcycles.com/wp-content/uploads/2022/04/2fff8c0d6f114af48fef832ed475d289-510x589.jpg', 'https://www.dugdugmotorcycles.com/wp-content/uploads/2022/04/6fcd135e3d014adb885487b23a81b3c0-510x411.jpg']","₹2,999.00",-,-,-,-,-,-,-,"₹1,450.00",-,-,-,-,-,-,-,-,-,-,-
Headlight Grill for KTM RC All Models,"Weight
1.0 kg",-,DUGDUG-1403,-,-,-,-,-,-,-,-,['https://www.dugdugmotorcycles.com/wp-content/uploads/2022/04/2b245ac1ad184369bc3fc5df9a05327b-510x373.jpg'],"₹2,999.00",-,-,-,-,-,-,-,"₹1,450.00",-,-,-,-,-,-,-,-,-,-,-
Dug Dug Black Headlight Grill for Royal Enfield Classic Reborn,"Weight
0.5 kg",-,DUGDUG-1357,-,-,-,-,-,-,-,-,"['https://www.dugdugmotorcycles.com/wp-content/uploads/2022/03/dug-dug-royal-enfield-classic-reborn-headlight-grill-black-2-510x510.jpg', 'https://www.dugdugmotorcycles.com/wp-content/uploads/2022/03/dug-dug-royal-enfield-classic-reborn-headlight-grill-black-1-510x510.jpg', 'https://www.dugdugmotorcycles.com/wp-content/uploads/2022/03/dug-dug-royal-enfield-classic-reborn-headlight-grill-black-4-510x510.jpg', 'https://www.dugdugmotorcycles.com/wp-content/uploads/2022/03/dug-dug-royal-enfield-classic-reborn-headlight-grill-black-3-510x374.jpg']",₹999.00,-,-,-,-,-,-,-,₹499.00,-,-,-,-,-,-,-,-,-,-,-
Dug Dug Classic Reborn Aluminum CNC Grill Set,"Weight
0.85 kg",-,DUGDUG-1244,-,-,-,-,-,-,-,-,"['https://www.dugdugmotorcycles.com/wp-content/uploads/2022/02/dug-dug-royal-enfield-classic-reborn-aluminius-grill-set-of-8-pc-2-1-510x383.jpg', 'https://www.dugdugmotorcycles.com/wp-content/uploads/2022/02/dug-dug-royal-enfield-classic-reborn-aluminius-grill-set-of-8-pc-3-1-510x420.jpg']","₹1,299.00",-,-,-,-,-,-,-,₹749.00,-,-,-,-,-,-,-,-,-,-,-
Dug Dug Classic Reborn Stainless Steel Headlight Grill – Black,"Weight
0.5 kg",-,DUGDUG-1232,-,-,-,-,-,-,-,-,"['https://www.dugdugmotorcycles.com/wp-content/uploads/2022/02/dug-dug-royal-enfield-classic-reborn-headlight-grill-black-1-510x510.jpg', 'https://www.dugdugmotorcycles.com/wp-content/uploads/2022/02/dug-dug-royal-enfield-classic-reborn-headlight-grill-black-2-510x680.jpg', 'https://www.dugdugmotorcycles.com/wp-content/uploads/2022/02/dug-dug-royal-enfield-classic-reborn-headlight-grill-black-4-510x510.jpg', 'https://www.dugdugmotorcycles.com/wp-content/uploads/2022/02/dug-dug-royal-enfield-classic-reborn-headlight-grill-black-3-510x506.jpg', 'https://www.dugdugmotorcycles.com/wp-content/uploads/2022/02/dug-dug-royal-enfield-classic-reborn-headlight-grill-black-5-510x680.jpg']","₹1,999.00",-,-,-,-,-,-,-,"₹1,200.00",-,-,-,-,-,-,-,-,-,-,-
Dug Dug Classic Reborn Stainless Steel Headlight Grill,"Weight
0.5 kg",-,DUGDUG-1231,-,-,-,-,-,-,-,-,"['https://www.dugdugmotorcycles.com/wp-content/uploads/2022/02/dug-dug-royal-enfield-classic-reborn-headlight-grill-stainless-steel-4-510x512.jpg', 'https://www.dugdugmotorcycles.com/wp-content/uploads/2022/02/dug-dug-royal-enfield-classic-reborn-headlight-grill-stainless-steel-1-510x491.jpg', 'https://www.dugdugmotorcycles.com/wp-content/uploads/2022/02/dug-dug-royal-enfield-classic-reborn-headlight-grill-stainless-steel-3-510x510.jpg', 'https://www.dugdugmotorcycles.com/wp-content/uploads/2022/02/dug-dug-royal-enfield-classic-reborn-headlight-grill-stainless-steel-2-510x659.jpg']","₹1,999.00",-,-,-,-,-,-,-,"₹1,200.00",-,-,-,-,-,-,-,-,-,-,-
Dug Dug Meteor 350 Stainless Steel Headlight Grill – Black,"Weight
0.5 kg",-,DUGDUG-1230,-,-,-,-,-,-,-,-,"['https://www.dugdugmotorcycles.com/wp-content/uploads/2022/02/dug-dug-royal-enfield-meteor-350-headlight-grill-black-5-510x511.jpg', 'https://www.dugdugmotorcycles.com/wp-content/uploads/2022/02/dug-dug-royal-enfield-meteor-350-headlight-grill-black-1-510x511.jpg', 'https://www.dugdugmotorcycles.com/wp-content/uploads/2022/02/dug-dug-royal-enfield-meteor-350-headlight-grill-black-2-510x511.jpg', 'https://www.dugdugmotorcycles.com/wp-content/uploads/2022/02/dug-dug-royal-enfield-meteor-350-headlight-grill-black-3-510x510.jpg', 'https://www.dugdugmotorcycles.com/wp-content/uploads/2022/02/dug-dug-royal-enfield-meteor-350-headlight-grill-black-4-510x510.jpg']",$61.97,-,-,-,-,-,-,-,,-,-,-,-,-,-,-,-,-,-,-
Dug Dug Meteor 350 Stainless Steel Headlight Grill,"Weight
0.5 kg",-,DUGDUG-1229,-,-,-,-,-,-,-,-,"['https://www.dugdugmotorcycles.com/wp-content/uploads/2022/02/dug-dug-royal-enfield-meteor-350-headlight-grill-stainless-steel-4-510x510.jpg', 'https://www.dugdugmotorcycles.com/wp-content/uploads/2022/02/dug-dug-royal-enfield-meteor-350-headlight-grill-stainless-steel-1-510x510.jpg', 'https://www.dugdugmotorcycles.com/wp-content/uploads/2022/02/dug-dug-royal-enfield-meteor-350-headlight-grill-stainless-steel-2-510x510.jpg', 'https://www.dugdugmotorcycles.com/wp-content/uploads/2022/02/dug-dug-royal-enfield-meteor-350-headlight-grill-stainless-steel-3-510x509.jpg']","₹1,999.00",-,-,-,-,-,-,-,"₹1,200.00",-,-,-,-,-,-,-,-,-,-,-
New Headlight Grill for Royal Enfield Meteor 350,"Weight
0.7 kg",-,DUGDUG-1115,-,-,-,-,-,-,-,-,"['https://www.dugdugmotorcycles.com/wp-content/uploads/2021/07/dug-dug-meteor-headlight-grill-510x287.jpg', 'https://www.dugdugmotorcycles.com/wp-content/uploads/2021/09/dug-dug-royal-enfield-meteor-350-headlight-grill-1-510x510.jpg', 'https://www.dugdugmotorcycles.com/wp-content/uploads/2021/09/dug-dug-royal-enfield-meteor-350-headlight-grill-2-510x510.jpg', 'https://www.dugdugmotorcycles.com/wp-content/uploads/2021/09/dug-dug-royal-enfield-meteor-350-headlight-grill-3-510x510.jpg']",₹999.00,-,-,-,-,-,-,-,₹499.00,-,-,-,-,-,-,-,-,-,-,-
New Stainless Steel Headlight Grill for Interceptor 650,"Weight
1.0 kg",-,DUGDUG-1514,-,-,-,-,-,-,-,-,['https://www.dugdugmotorcycles.com/wp-content/uploads/2021/07/IMG-20210612-WA0025-510x483.jpg'],"₹1,999.00",-,-,-,-,-,-,-,"₹1,499.00",-,-,-,-,-,-,-,-,-,-,-
New Stainless Steel Headlight Grill for Interceptor 650,"Weight
1.0 kg",-,DUGDUG-1059,-,-,-,-,-,-,-,-,['https://www.dugdugmotorcycles.com/wp-content/uploads/2021/07/IMG-20210612-WA0028-510x548.jpg'],$61.97,-,-,-,-,-,-,-,,-,-,-,-,-,-,-,-,-,-,-
BOSS Stainless Steel Headlight Grill for Interceptor 650,"Weight
1.0 kg",-,DUGDUG-1059,-,-,-,-,-,-,-,-,['https://www.dugdugmotorcycles.com/wp-content/uploads/2021/07/IMG-20210612-WA0033-510x454.jpg'],"₹1,999.00",-,-,-,-,-,-,-,"₹1,499.00",-,-,-,-,-,-,-,-,-,-,-
Stainless Steel Headlight Grill for Interceptor 650,"Weight
1.0 kg",-,DUGDUG-1049,-,-,-,-,-,-,-,-,['https://www.dugdugmotorcycles.com/wp-content/uploads/2021/07/IMG-20210625-WA0073-510x505.jpg'],"₹1,999.00",-,-,-,-,-,-,-,"₹1,499.00",-,-,-,-,-,-,-,-,-,-,-
Royal Enfield Headlight Grill for Classic 350 Electra Standard – Outer Rim,"Weight
0.8 kg",-,DUGDUG-726,-,-,-,-,-,-,-,-,"['https://www.dugdugmotorcycles.com/wp-content/uploads/2020/07/royal-enfield-headlight-grill-4-510x479.jpg', 'https://www.dugdugmotorcycles.com/wp-content/uploads/2020/07/royal-enfield-headlight-grill-3-510x481.jpg', 'https://www.dugdugmotorcycles.com/wp-content/uploads/2020/07/royal-enfield-headlight-grill-2-510x464.jpg', 'https://www.dugdugmotorcycles.com/wp-content/uploads/2020/07/royal-enfield-headlight-grill-1-510x490.jpg']",₹599.00,-,-,-,-,-,-,-,₹349.00,-,-,-,-,-,-,-,-,-,-,-
Royal Enfield Headlight Grill Set for Classic 350 Electra Standard – Inner and Outer Rim,"Weight
0.5 kg",-,DUGDUG-699,-,-,-,-,-,-,-,-,['https://www.dugdugmotorcycles.com/wp-content/uploads/2020/06/Grill-Sets-256x294-1.jpeg'],₹699.00,-,-,-,-,-,-,-,₹499.00,-,-,-,-,-,-,-,-,-,-,-
LED Headlight grill for Royal Enfield,"LED Headlight grill for Royal Enfield




Weight
0.6 kg",-,DUGDUG-207,-,-,-,-,-,-,-,-,['https://www.dugdugmotorcycles.com/wp-content/uploads/2019/10/1063776372-510x503.jpg'],₹499.00,-,-,-,-,-,-,-,₹499.00,-,-,-,-,-,-,-,-,-,-,-
Heavy Shade Grill Set for Royal Enfield Standard 350 (Set of 8) – Free Shipping,"Vehicle Compatibility: Royal Enfield Bullet Classic 350, 500, Chrome, Desert Storm
This Royal Enfield light grills made from premium quality metal, Safety Royal Enfield Headlight Glass and Indicator glass, and Tail light Glass
Easy installation (install by professional) Made from Aluminium Alloy Die Casting light and good quality
Safety Royal Enfield Headlight Glass and Indicator glass, and Tail light Glass
material of base is which makes it very long durable and enhance look of vehicle





Weight
1.0 kg",-,DUGDUG-208,-,-,-,-,-,-,-,-,['https://www.dugdugmotorcycles.com/wp-content/uploads/2019/10/1143556571.jpg'],$18.57,-,-,-,-,-,-,-,,-,-,-,-,-,-,-,-,-,-,-
"Heavy Shade Grill Set for Headlight, Parking Light, Indicators and Tail Light for Royal Enfield Classic (Set of 8) – Free Shipping","Vehicle Compatibility: Royal Enfield Bullet Classic 350, 500, Chrome, Desert Storm
This Royal Enfield light grills made from premium quality metal, Safety Royal Enfield Headlight Glass and Indicator glass, and Tail light Glass
Easy installation (install by professional) Made from Aluminium Alloy Die Casting light and good quality
Safety Royal Enfield Headlight Glass and Indicator glass, and Tail light Glass
material of base is which makes it very long durable and enhance look of vehicle





Weight
1.0 kg",-,DUGDUG-189,-,-,-,-,-,-,-,-,['https://www.dugdugmotorcycles.com/wp-content/uploads/2019/10/1072530831-510x510.jpg'],₹599.00,-,-,-,-,-,-,-,₹599.00,-,-,-,-,-,-,-,-,-,-,-
Heavy Grill Set for Bajaj Avenger (Set of 8) – Free Shipping,"Vehicle Compatibility: Royal Enfield Bullet Classic 350, 500, Chrome, Desert Storm
This Royal Enfield light grills made from premium quality metal, Safety Royal Enfield Headlight Glass and Indicator glass, and Tail light Glass
Easy installation (install by professional) Made from Aluminium Alloy Die Casting light and good quality
Safety Royal Enfield Headlight Glass and Indicator glass, and Tail light Glass
material of base is which makes it very long durable and enhance look of vehicle





Weight
1.0 kg",-,DUGDUG-190,-,-,-,-,-,-,-,-,['https://www.dugdugmotorcycles.com/wp-content/uploads/2019/10/1105867396-scaled-510x526.jpg'],₹499.00,-,-,-,-,-,-,-,₹499.00,-,-,-,-,-,-,-,-,-,-,-
Heavy Diamond Grill Set for Royal Enfield Classic (Set of 8) – Free Shipping,"Vehicle Compatibility: Royal Enfield Bullet Classic 350, 500, Chrome, Desert Storm
This Royal Enfield light grills made from premium quality metal, Safety Royal Enfield Headlight Glass and Indicator glass, and Tail light Glass
Easy installation (install by professional) Made from Aluminium Alloy Die Casting light and good quality
Safety Royal Enfield Headlight Glass and Indicator glass, and Tail light Glass
material of base is which makes it very long durable and enhance look of vehicle





Weight
1.0 kg",-,DUGDUG-191,-,-,-,-,-,-,-,-,['https://www.dugdugmotorcycles.com/wp-content/uploads/2019/10/1105867552-510x510.jpg'],₹599.00,-,-,-,-,-,-,-,₹599.00,-,-,-,-,-,-,-,-,-,-,-
Headlight Grill Type 1 for Royal Enfield All Models – Black,"Weight
0.8 kg",-,DUGDUG-199,-,-,-,-,-,-,-,-,"['https://www.dugdugmotorcycles.com/wp-content/uploads/2019/10/1123244248-510x510.png', 'https://www.dugdugmotorcycles.com/wp-content/uploads/2019/10/1123245600-scaled-510x510.jpg']",₹299.00,-,-,-,-,-,-,-,₹299.00,-,-,-,-,-,-,-,-,-,-,-
7 Inch LED DRL Headlight Grill for Royal Enfield White Color,"High Quality
Super bright Led Strip
Protective Headlight
Easy to Install
Head Light Protect with Attractive and Classy Look
Material: Plastic












Weight
0.5 kg",-,DUGDUG-201,-,-,-,-,-,-,-,-,"['https://www.dugdugmotorcycles.com/wp-content/uploads/2019/10/1070310135-scaled-510x510.jpg', 'https://www.dugdugmotorcycles.com/wp-content/uploads/2019/10/713ssezd8JL._SL1500_-scaled-510x510.jpg', 'https://www.dugdugmotorcycles.com/wp-content/uploads/2019/10/71whnjaXLXL._SL1500_-scaled-510x510.jpg']",₹449.00,-,-,-,-,-,-,-,₹449.00,-,-,-,-,-,-,-,-,-,-,-
7 Inch LED DRL Headlight Grill for Royal Enfield Red Color,"Product Description

High Quality
Super bright Led Strip
Protective Headlight
Easy to Install
Head Light Protect with Attractive and Classy Look
Material: Plastic












Weight
0.5 kg",-,DUGDUG-202,-,-,-,-,-,-,-,-,"['https://www.dugdugmotorcycles.com/wp-content/uploads/2019/10/1070310185-scaled-510x510.jpg', 'https://www.dugdugmotorcycles.com/wp-content/uploads/2019/10/71c1k34zdxL._SL1500_-scaled-510x510.jpg', 'https://www.dugdugmotorcycles.com/wp-content/uploads/2019/10/71whnjaXLXL._SL1500_-scaled-510x510.jpg']",₹449.00,-,-,-,-,-,-,-,₹449.00,-,-,-,-,-,-,-,-,-,-,-
7 Inch LED DRL Headlight Grill for Royal Enfield Blue Color,"High Quality
Super bright Led Strip
Protective Headlight
Easy to Install
Head Light Protect with Attractive and Classy Look
Material: Plastic












Weight
0.5 kg",-,DUGDUG-203,-,-,-,-,-,-,-,-,"['https://www.dugdugmotorcycles.com/wp-content/uploads/2019/10/1070306343-scaled-510x510.jpg', 'https://www.dugdugmotorcycles.com/wp-content/uploads/2019/10/71GnaW0SrYL._SL1500_-scaled-510x510.jpg', 'https://www.dugdugmotorcycles.com/wp-content/uploads/2019/10/71whnjaXLXL._SL1500_-scaled-510x510.jpg']",₹449.00,-,-,-,-,-,-,-,₹449.00,-,-,-,-,-,-,-,-,-,-,-
Dug Dug 5 in 1 Protection Kit for Royal Enfield Super Meteor 650,"Weight
2.0 kg",-,DUGDUG-1615,-,-,-,-,-,-,-,-,['https://www.dugdugmotorcycles.com/wp-content/uploads/2023/07/Dug-Dug-Super-Meteor-650-Kit-Radiator-Grill-Side-Stand-Sleeve-Headlight-Grill-Brake-Oil-Cap-2-510x684.jpg'],"₹3,999.00",-,-,-,-,-,-,-,"₹1,999.00",-,-,-,-,-,-,-,-,-,-,-
Om Grill Set for Royal Enfield Classic 350 Aluminium Set of 8pc,"Weight
1.0 kg",-,DUGDUG-1469,-,-,-,-,-,-,-,-,['https://www.dugdugmotorcycles.com/wp-content/uploads/2022/09/29e34f02cd6143a7ac48a1861b7bb2d5-510x382.jpg'],$61.97,-,-,-,-,-,-,-,,-,-,-,-,-,-,-,-,-,-,-
Brass Grill Set for Royal Enfield Classic Reborn – Set of 8Pc,"Weight
1.0 kg",-,DUGDUG-1435,-,-,-,-,-,-,-,-,['https://www.dugdugmotorcycles.com/wp-content/uploads/2022/08/IMG-20220828-WA0039-510x680.jpg'],$9.27,-,-,-,-,-,-,-,,-,-,-,-,-,-,-,-,-,-,-
Om Grill Set for Royal Enfield Classic 350,"Weight
1.0 kg",-,DUGDUG-1431,-,-,-,-,-,-,-,-,['https://www.dugdugmotorcycles.com/wp-content/uploads/2022/08/IMG-20220828-WA0016-510x383.jpg'],₹899.00,-,-,-,-,-,-,-,₹599.00,-,-,-,-,-,-,-,-,-,-,-
Dug Dug Black Headlight Ring for Royal Enfield Classic Reborn,"Weight
0.5 kg",-,DUGDUG-1358,-,-,-,-,-,-,-,-,"['https://www.dugdugmotorcycles.com/wp-content/uploads/2022/03/dug-dug-royal-enfield-classic-reborn-headlight-ring-black-4-510x510.jpg', 'https://www.dugdugmotorcycles.com/wp-content/uploads/2022/03/dug-dug-royal-enfield-classic-reborn-headlight-ring-black-1-510x510.jpg', 'https://www.dugdugmotorcycles.com/wp-content/uploads/2022/03/dug-dug-royal-enfield-classic-reborn-headlight-ring-black-3-510x510.jpg', 'https://www.dugdugmotorcycles.com/wp-content/uploads/2022/03/dug-dug-royal-enfield-classic-reborn-headlight-ring-black-2-510x510.jpg']",₹800.00,-,-,-,-,-,-,-,₹450.00,-,-,-,-,-,-,-,-,-,-,-
Dug Dug Classic Reborn Aluminum Grill Set Black,"Weight
0.85 kg",-,DUGDUG-1245,-,-,-,-,-,-,-,-,['https://www.dugdugmotorcycles.com/wp-content/uploads/2022/02/dug-dug-royal-enfield-classic-reborn-aluminius-grill-set-of-8-pc-1-1-510x383.jpg'],"₹1,299.00",-,-,-,-,-,-,-,₹749.00,-,-,-,-,-,-,-,-,-,-,-
Dug Dug Chrome Indicator Grill for Royal Enfield Classic 350/500cc Models – Set of 4 Pc,"Weight
0.5 kg",-,DUGDUG-856,-,-,-,-,-,-,-,-,"['https://www.dugdugmotorcycles.com/wp-content/uploads/2020/09/Dug-Dug-Royal-Enfield-Chrome-Indicator-Grill-with-Screws-4-510x383.jpg', 'https://www.dugdugmotorcycles.com/wp-content/uploads/2020/09/Dug-Dug-Royal-Enfield-Chrome-Indicator-Grill-with-Screws-5-510x462.jpg', 'https://www.dugdugmotorcycles.com/wp-content/uploads/2020/09/Dug-Dug-Royal-Enfield-Chrome-Indicator-Grill-with-Screws-3-510x383.jpg', 'https://www.dugdugmotorcycles.com/wp-content/uploads/2020/09/Dug-Dug-Royal-Enfield-Chrome-Indicator-Grill-with-Screws-2-510x383.jpg', 'https://www.dugdugmotorcycles.com/wp-content/uploads/2020/09/Dug-Dug-Royal-Enfield-Chrome-Indicator-Grill-with-Screws-1-510x383.jpg']",$18.57,-,-,-,-,-,-,-,,-,-,-,-,-,-,-,-,-,-,-
Dug Dug Brass Tail Light Grill for Royal Enfield Classic 350/500cc Models,"Weight
0.5 kg",-,DUGDUG-855,-,-,-,-,-,-,-,-,"['https://www.dugdugmotorcycles.com/wp-content/uploads/2020/09/Dug-Dug-Royal-Enfield-Brass-Tail-Light-Grill-Brass-3-510x428.jpg', 'https://www.dugdugmotorcycles.com/wp-content/uploads/2020/09/Dug-Dug-Royal-Enfield-Brass-Tail-Light-Grill-Brass-2-510x419.jpg']",₹699.00,-,-,-,-,-,-,-,₹499.00,-,-,-,-,-,-,-,-,-,-,-
Dug Dug Chrome Tail Light Grill for Royal Enfield Classic 350/500cc Models,"Weight
0.5 kg",-,DUGDUG-854,-,-,-,-,-,-,-,-,"['https://www.dugdugmotorcycles.com/wp-content/uploads/2020/09/Dug-Dug-Royal-Enfield-Aluminium-Chrome-Tail-Light-Grill-4-510x453.jpg', 'https://www.dugdugmotorcycles.com/wp-content/uploads/2020/09/Dug-Dug-Royal-Enfield-Aluminium-Chrome-Tail-Light-Grill-3-510x423.jpg', 'https://www.dugdugmotorcycles.com/wp-content/uploads/2020/09/Dug-Dug-Royal-Enfield-Aluminium-Chrome-Tail-Light-Grill-2-510x440.jpg', 'https://www.dugdugmotorcycles.com/wp-content/uploads/2020/09/Dug-Dug-Royal-Enfield-Aluminium-Chrome-Tail-Light-Grill-1-510x428.jpg']",₹499.00,-,-,-,-,-,-,-,₹249.00,-,-,-,-,-,-,-,-,-,-,-
"Dug Dug Chrome Tiger Grill for Royal Enfield Classic, Electra, Standard","Weight
0.25 kg",-,DUGDUG-853,-,-,-,-,-,-,-,-,"['https://www.dugdugmotorcycles.com/wp-content/uploads/2020/09/Dug-Dug-Royal-Enfield-Chrome-Tiger-Light-Grill-3-510x491.jpg', 'https://www.dugdugmotorcycles.com/wp-content/uploads/2020/09/Dug-Dug-Royal-Enfield-Chrome-Tiger-Light-Grill-2-510x481.jpg', 'https://www.dugdugmotorcycles.com/wp-content/uploads/2020/09/Dug-Dug-Royal-Enfield-Chrome-Tiger-Light-Grill-1-510x460.jpg']",₹299.00,-,-,-,-,-,-,-,₹149.00,-,-,-,-,-,-,-,-,-,-,-
"Dug Dug Diamond Tiger Grill for Royal Enfield Classic, Electra, Standard","Weight
0.25 kg",-,DUGDUG-851,-,-,-,-,-,-,-,-,['https://www.dugdugmotorcycles.com/wp-content/uploads/2020/09/Dug-Dug-Royal-Enfield-Diamond-Tiger-ight-Grill-1-510x461.jpg'],₹249.00,-,-,-,-,-,-,-,₹149.00,-,-,-,-,-,-,-,-,-,-,-
Royal Enfield Headlight Grill for Classic 350 Electra Standard with Shade – Outer Rim,"Weight
0.8 kg",-,DUGDUG-727,-,-,-,-,-,-,-,-,"['https://www.dugdugmotorcycles.com/wp-content/uploads/2020/07/royal-enfield-headlight-grill-with-shade-5-510x481.jpg', 'https://www.dugdugmotorcycles.com/wp-content/uploads/2020/07/royal-enfield-headlight-grill-with-shade-4-510x503.jpg', 'https://www.dugdugmotorcycles.com/wp-content/uploads/2020/07/royal-enfield-headlight-grill-with-shade-3-510x448.jpg', 'https://www.dugdugmotorcycles.com/wp-content/uploads/2020/07/royal-enfield-headlight-grill-with-shade-2-510x433.jpg', 'https://www.dugdugmotorcycles.com/wp-content/uploads/2020/07/royal-enfield-headlight-grill-with-shade-1-510x482.jpg']",₹599.00,-,-,-,-,-,-,-,₹399.00,-,-,-,-,-,-,-,-,-,-,-
New Royal Enfield Lion Headlight Grill Set for Classic 350 500,"New Royal Enfield Lion Headlight Grill Set for Classic 350,500
				




				New Royal Enfield Lion Headlight Grill Set for Classic 350,500
				

 
The grill kit includes – 1 grill for headlights, 1 grill for tail lights, 2 grilles for front indicators, 2 grilles for rear indicators, 2 grilles for parking indicators .Comes with screws, hence no welding required. .Made of high quality plastic with a good finish, and also against rust, stains and anti-collision .Compatible with Royal Enfield Bullet Classic 350CC and 500CC only .Simple installation – the grill has a screw and screws, which makes installation in 5 minutes of work, but requires professional installation
This grill acts like a shield to your expensive Royal Enfield Accessories i.e. lights, headlamp, tail light, indicators and parking lights




Weight
0.5 kg


Brand",-,DUGDUG-478,-,-,-,-,-,-,-,-,"['https://www.dugdugmotorcycles.com/wp-content/uploads/2019/11/Auto-Stylist-Classic-Lion-Kit-Bike-Headlight-Grill-Black-0.jpg', 'https://www.dugdugmotorcycles.com/wp-content/uploads/2019/11/Auto-Stylist-Classic-Lion-Kit-Bike-Headlight-Grill-Black-0.jpg', 'https://www.dugdugmotorcycles.com/wp-content/uploads/2019/11/Auto-Stylist-Classic-Lion-Kit-Bike-Headlight-Grill-Black-0-0.jpg', 'https://www.dugdugmotorcycles.com/wp-content/uploads/2019/11/Auto-Stylist-Classic-Lion-Kit-Bike-Headlight-Grill-Black-0-1.jpg', 'https://www.dugdugmotorcycles.com/wp-content/uploads/2019/11/Auto-Stylist-Classic-Lion-Kit-Bike-Headlight-Grill-Black-0-2.jpg', 'https://www.dugdugmotorcycles.com/wp-content/uploads/2019/11/Auto-Stylist-Classic-Lion-Kit-Bike-Headlight-Grill-Black-0-3.jpg']",₹700.00,-,-,-,-,-,-,-,₹549.00,-,-,-,-,-,-,-,-,-,-,-
Retro Grill for Royal Enfield All Models – Silver,"Weight
0.25 kg",-,DUGDUG-204,-,-,-,-,-,-,-,-,['https://www.dugdugmotorcycles.com/wp-content/uploads/2019/10/1098765265.jpg'],₹249.00,-,-,-,-,-,-,-,₹249.00,-,-,-,-,-,-,-,-,-,-,-
Retro Grill for Royal Enfield All Models – Black,"Weight
0.25 kg",-,DUGDUG-205,-,-,-,-,-,-,-,-,['https://www.dugdugmotorcycles.com/wp-content/uploads/2019/10/1098765843.jpg'],₹249.00,-,-,-,-,-,-,-,₹249.00,-,-,-,-,-,-,-,-,-,-,-
New Tiranga Tri Color LED Headlight Grill | Dug Dug Motorcycles,"Weight
1.3 kg",-,DUGDUG-206,-,-,-,-,-,-,-,-,"['https://www.dugdugmotorcycles.com/wp-content/uploads/2019/10/1122339073-scaled-510x510.jpg', 'https://www.dugdugmotorcycles.com/wp-content/uploads/2019/10/1119315774-510x572.png', 'https://www.dugdugmotorcycles.com/wp-content/uploads/2019/10/1119315821-510x572.png', 'https://www.dugdugmotorcycles.com/wp-content/uploads/2019/10/1119315865-510x572.png', 'https://www.dugdugmotorcycles.com/wp-content/uploads/2019/10/1122339039-scaled-510x510.jpg']",$13.92,-,-,-,-,-,-,-,,-,-,-,-,-,-,-,-,-,-,-
Heavy Shade Grill Set for Royal Enfield Electra (Set of 8) – Free Shipping,"Vehicle Compatibility: Royal Enfield Bullet Classic 350, 500, Chrome, Desert Storm
This Royal Enfield light grills made from premium quality metal, Safety Royal Enfield Headlight Glass and Indicator glass, and Tail light Glass
Easy installation (install by professional) Made from Aluminium Alloy Die Casting light and good quality
Safety Royal Enfield Headlight Glass and Indicator glass, and Tail light Glass
material of base is which makes it very long durable and enhance look of vehicle





Weight
1.0 kg",-,DUGDUG-209,-,-,-,-,-,-,-,-,['https://www.dugdugmotorcycles.com/wp-content/uploads/2019/10/1105867507-scaled-510x532.jpg'],$27.87,-,-,-,-,-,-,-,,-,-,-,-,-,-,-,-,-,-,-
Headlight Grill Type 8 for Royal Enfield All Models – Black,"Weight
0.8 kg",-,DUGDUG-193,-,-,-,-,-,-,-,-,"['https://www.dugdugmotorcycles.com/wp-content/uploads/2019/10/1123297684-scaled-510x510.jpg', 'https://www.dugdugmotorcycles.com/wp-content/uploads/2019/10/1123297647-scaled-510x510.jpg', 'https://www.dugdugmotorcycles.com/wp-content/uploads/2019/10/1123297703-scaled-510x510.jpg']",₹299.00,-,-,-,-,-,-,-,₹299.00,-,-,-,-,-,-,-,-,-,-,-
Headlight Grill Type 7 for Royal Enfield All Models – Black,"Weight
0.8 kg",-,DUGDUG-194,-,-,-,-,-,-,-,-,"['https://www.dugdugmotorcycles.com/wp-content/uploads/2019/10/1123296821-scaled-510x510.jpg', 'https://www.dugdugmotorcycles.com/wp-content/uploads/2019/10/1123296776-scaled-510x510.jpg', 'https://www.dugdugmotorcycles.com/wp-content/uploads/2019/10/1123296806-scaled-510x510.jpg']",$9.27,-,-,-,-,-,-,-,,-,-,-,-,-,-,-,-,-,-,-
Headlight Grill Type 6 for Royal Enfield All Models – Black,"Weight
0.8 kg",-,DUGDUG-195,-,-,-,-,-,-,-,-,"['https://www.dugdugmotorcycles.com/wp-content/uploads/2019/10/1123296564-scaled-510x510.jpg', 'https://www.dugdugmotorcycles.com/wp-content/uploads/2019/10/1123296522-scaled-510x510.jpg', 'https://www.dugdugmotorcycles.com/wp-content/uploads/2019/10/1123296544-scaled-510x510.jpg']",$9.27,-,-,-,-,-,-,-,,-,-,-,-,-,-,-,-,-,-,-
Headlight Grill Type 5 for Royal Enfield All Models – Black,"Weight
0.8 kg",-,DUGDUG-196,-,-,-,-,-,-,-,-,"['https://www.dugdugmotorcycles.com/wp-content/uploads/2019/10/1123296252-scaled-510x510.jpg', 'https://www.dugdugmotorcycles.com/wp-content/uploads/2019/10/1123296294-scaled-510x510.jpg']",₹299.00,-,-,-,-,-,-,-,₹299.00,-,-,-,-,-,-,-,-,-,-,-
Headlight Grill Type 3 for Royal Enfield All Models – Black,"Weight
0.8 kg",-,DUGDUG-197,-,-,-,-,-,-,-,-,"['https://www.dugdugmotorcycles.com/wp-content/uploads/2019/10/1123295507-scaled-510x510.jpg', 'https://www.dugdugmotorcycles.com/wp-content/uploads/2019/10/1123295519-scaled-510x510.jpg', 'https://www.dugdugmotorcycles.com/wp-content/uploads/2019/10/1123295534-scaled-510x510.jpg']",$9.27,-,-,-,-,-,-,-,,-,-,-,-,-,-,-,-,-,-,-
Headlight Grill Type 2 for Royal Enfield All Models – Black,"Weight
0.8 kg",-,DUGDUG-198,-,-,-,-,-,-,-,-,"['https://www.dugdugmotorcycles.com/wp-content/uploads/2019/10/1123295237-scaled-510x509.jpg', 'https://www.dugdugmotorcycles.com/wp-content/uploads/2019/10/1123295199-scaled-510x509.jpg']",₹299.00,-,-,-,-,-,-,-,₹299.00,-,-,-,-,-,-,-,-,-,-,-
Headlight Grill Type 10 for Royal Enfield All Models – Black,"Weight
0.8 kg",-,DUGDUG-200,-,-,-,-,-,-,-,-,['https://www.dugdugmotorcycles.com/wp-content/uploads/2019/10/1123298079-scaled-510x510.jpg'],₹299.00,-,-,-,-,-,-,-,₹299.00,-,-,-,-,-,-,-,-,-,-,-
