Product name,Description,Slug,SKU,Auto Generate SKU,Categories,Status,Is featured?,Brand,Product collections,Labels,Taxes,Images,Price,Product attributes,Import type,Is variation default?,Stock status,With storehouse management,Quantity,Allow checkout when out of stock,Sale price,Start date sale price,End date sale price,Weight,Length,Wide,Height,Cost per item,Barcode,Content,Tags,Vendor
HJG Fog Light Clamps for Leg Guards Crash Guards without Rope,"Weight
1.0 kg",-,DUGDUG-1443,-,-,-,-,-,-,-,-,['https://www.dugdugmotorcycles.com/wp-content/uploads/2022/08/IMG-20220828-WA0068-510x907.jpg'],₹999.00,-,-,-,-,-,-,-,₹499.00,-,-,-,-,-,-,-,-,-,-,-
HJG Mini Driving LED Fog Light Red Devil Eye Dual Intensity White Yellow Flashing Pattern – 20w,"Weight
0.5 kg",-,DUGDUG-1654,-,-,-,-,-,-,-,-,"['https://www.dugdugmotorcycles.com/wp-content/uploads/2023/09/HJG-Mini-Driving-Devil-Eye-Fog-Light-Dual-Intensity-White-Yellow-Flashing-Pattern-3-510x510.webp', 'https://www.dugdugmotorcycles.com/wp-content/uploads/2023/09/HJG-Mini-Driving-Devil-Eye-Fog-Light-Dual-Intensity-White-Yellow-Flashing-Pattern-2-510x510.webp', 'https://www.dugdugmotorcycles.com/wp-content/uploads/2023/09/HJG-Mini-Driving-Devil-Eye-Fog-Light-Dual-Intensity-White-Yellow-Flashing-Pattern-6-510x510.webp', 'https://www.dugdugmotorcycles.com/wp-content/uploads/2023/09/HJG-Mini-Driving-Devil-Eye-Fog-Light-Dual-Intensity-White-Yellow-Flashing-Pattern-5-510x510.webp']","₹1,999.00",-,-,-,-,-,-,-,"₹1,550.00",-,-,-,-,-,-,-,-,-,-,-
HJG 4 Lens LED Fog Light Red Devil Eye Dual Intensity White Yellow Flashing Pattern,"Weight
0.5 kg",-,DUGDUG-1653,-,-,-,-,-,-,-,-,"['https://www.dugdugmotorcycles.com/wp-content/uploads/2023/09/HJG-4-LED-Fog-Light-Dual-Intensity-White-Yellow-Flashing-Pattern-Red-Devil-Eye-1-510x510.webp', 'https://www.dugdugmotorcycles.com/wp-content/uploads/2023/09/HJG-4-LED-Fog-Light-Dual-Intensity-White-Yellow-Flashing-Pattern-Red-Devil-Eye-2-510x510.webp', 'https://www.dugdugmotorcycles.com/wp-content/uploads/2023/09/HJG-4-LED-Fog-Light-Dual-Intensity-White-Yellow-Flashing-Pattern-Red-Devil-Eye-4-510x510.webp', 'https://www.dugdugmotorcycles.com/wp-content/uploads/2023/09/HJG-4-LED-Fog-Light-Dual-Intensity-White-Yellow-Flashing-Pattern-Red-Devil-Eye-3-510x510.webp']",$61.97,-,-,-,-,-,-,-,,-,-,-,-,-,-,-,-,-,-,-
HJG 4 LED Owl Fog Light Devil Eye Dual Intensity White Yellow Flashing Pattern,"Weight
0.05 kg",-,DUGDUG-1652,-,-,-,-,-,-,-,-,"['https://www.dugdugmotorcycles.com/wp-content/uploads/2023/09/HJG-4-LED-Owl-Fog-Light-Dual-Intensity-White-Yellow-Flashing-Pattern-Red-Devil-Eye-1-510x510.webp', 'https://www.dugdugmotorcycles.com/wp-content/uploads/2023/09/HJG-4-LED-Owl-Fog-Light-Dual-Intensity-White-Yellow-Flashing-Pattern-Red-Devil-Eye-7-510x510.webp', 'https://www.dugdugmotorcycles.com/wp-content/uploads/2023/09/HJG-4-LED-Owl-Fog-Light-Dual-Intensity-White-Yellow-Flashing-Pattern-Red-Devil-Eye-6-510x510.webp', 'https://www.dugdugmotorcycles.com/wp-content/uploads/2023/09/HJG-4-LED-Owl-Fog-Light-Dual-Intensity-White-Yellow-Flashing-Pattern-Red-Devil-Eye-5-510x510.webp', 'https://www.dugdugmotorcycles.com/wp-content/uploads/2023/09/HJG-4-LED-Owl-Fog-Light-Dual-Intensity-White-Yellow-Flashing-Pattern-Red-Devil-Eye-4-510x510.webp', 'https://www.dugdugmotorcycles.com/wp-content/uploads/2023/09/HJG-4-LED-Owl-Fog-Light-Dual-Intensity-White-Yellow-Flashing-Pattern-Red-Devil-Eye-3-510x510.webp', 'https://www.dugdugmotorcycles.com/wp-content/uploads/2023/09/HJG-4-LED-Owl-Fog-Light-Dual-Intensity-White-Yellow-Flashing-Pattern-Red-Devil-Eye-2-510x510.webp']","₹1,999.00",-,-,-,-,-,-,-,"₹1,350.00",-,-,-,-,-,-,-,-,-,-,-
HJG Owl Fog Light Dual Intensity White Yellow Flashing Pattern 40w,"Weight
0.5 kg",-,DUGDUG-1651,-,-,-,-,-,-,-,-,['https://www.dugdugmotorcycles.com/wp-content/uploads/2023/09/HJG-Owl-Fog-Light-Dual-Intensity-White-Yellow-Flashing-Pattern-40w-510x844.webp'],"₹1,999.00",-,-,-,-,-,-,-,₹850.00,-,-,-,-,-,-,-,-,-,-,-
HJG Fog Light Clamps for Leg Guards Crash Guards without Rope,"Weight
1.0 kg",-,DUGDUG-1443,-,-,-,-,-,-,-,-,['https://www.dugdugmotorcycles.com/wp-content/uploads/2022/08/IMG-20220828-WA0068-510x907.jpg'],₹999.00,-,-,-,-,-,-,-,₹499.00,-,-,-,-,-,-,-,-,-,-,-
HJG 40w Owl Fog Light Dual Intensity White Yellow,"Weight
1.0 kg",-,DUGDUG-1375,-,-,-,-,-,-,-,-,"['https://www.dugdugmotorcycles.com/wp-content/uploads/2022/03/HJG-Owl-LED-Fog-Light-40w-dual-intensity-white-yellow-1-510x510.jpg', 'https://www.dugdugmotorcycles.com/wp-content/uploads/2022/03/HJG-Owl-LED-Fog-Light-40w-dual-intensity-white-yellow-2-510x510.jpg', 'https://www.dugdugmotorcycles.com/wp-content/uploads/2022/03/HJG-Owl-LED-Fog-Light-40w-dual-intensity-white-yellow-4-510x510.jpg', 'https://www.dugdugmotorcycles.com/wp-content/uploads/2022/03/HJG-Owl-LED-Fog-Light-40w-dual-intensity-white-yellow-3-510x510.jpg', 'https://www.dugdugmotorcycles.com/wp-content/uploads/2022/03/HJG-Owl-LED-Fog-Light-40w-dual-intensity-white-yellow-5-510x510.jpg']","₹3,999.00",-,-,-,-,-,-,-,"₹1,450.00",-,-,-,-,-,-,-,-,-,-,-
HJG Triple Shot 60w LED Dual Intensity Fog Light with Dual Button Wiring Harness White Amber,"Weight
2.0 kg",-,DUGDUG-1352,-,-,-,-,-,-,-,-,"['https://www.dugdugmotorcycles.com/wp-content/uploads/2022/03/Dug-Dug-HJG-Triple-Shot-60w-dual-intensity-with-wiring-harness-1-510x230.jpg', 'https://www.dugdugmotorcycles.com/wp-content/uploads/2022/03/Dug-Dug-HJG-Triple-Shot-60w-dual-intensity-with-wiring-harness-4-510x230.jpg', 'https://www.dugdugmotorcycles.com/wp-content/uploads/2022/03/Dug-Dug-HJG-Triple-Shot-60w-dual-intensity-with-wiring-harness-3-510x230.jpg', 'https://www.dugdugmotorcycles.com/wp-content/uploads/2022/03/Dug-Dug-HJG-Triple-Shot-60w-dual-intensity-with-wiring-harness-2-510x230.jpg', 'https://www.dugdugmotorcycles.com/wp-content/uploads/2022/03/Dug-Dug-HJG-Triple-Shot-60w-dual-intensity-with-wiring-harness-5-510x230.jpg']","₹9,999.00",-,-,-,-,-,-,-,"₹5,500.00",-,-,-,-,-,-,-,-,-,-,-
HJG Double Shot 40w LED Fog Light with Dual Button Wiring Harness White Amber,"Weight
2.0 kg",-,DUGDUG-1351,-,-,-,-,-,-,-,-,"['https://www.dugdugmotorcycles.com/wp-content/uploads/2022/03/Dug-Dug-HJG-Dual-LED-Fog-Light-with-wiring-harness-dual-intensity-white-yellow-1-510x516.jpg', 'https://www.dugdugmotorcycles.com/wp-content/uploads/2022/03/Dug-Dug-HJG-Dual-LED-Fog-Light-with-wiring-harness-dual-intensity-white-yellow-2-510x858.jpg', 'https://www.dugdugmotorcycles.com/wp-content/uploads/2022/03/Dug-Dug-HJG-Dual-LED-Fog-Light-with-wiring-harness-dual-intensity-white-yellow-4-510x719.jpg', 'https://www.dugdugmotorcycles.com/wp-content/uploads/2022/03/Dug-Dug-HJG-Dual-LED-Fog-Light-with-wiring-harness-dual-intensity-white-yellow-3-510x703.jpg', 'https://www.dugdugmotorcycles.com/wp-content/uploads/2022/03/Dug-Dug-HJG-Dual-LED-Fog-Light-with-wiring-harness-dual-intensity-white-yellow-5-510x732.jpg']","₹9,999.00",-,-,-,-,-,-,-,"₹5,500.00",-,-,-,-,-,-,-,-,-,-,-
HJG Double Shot 40w Dual Intensity White and Yellow LED Fog Lights Type 2,"Weight
1.0 kg",-,DUGDUG-1350,-,-,-,-,-,-,-,-,"['https://www.dugdugmotorcycles.com/wp-content/uploads/2022/03/dug-dug-HJG-Double-Shot-Type-2-40w-dual-intensity-white-yellow-2-510x510.jpg', 'https://www.dugdugmotorcycles.com/wp-content/uploads/2022/03/dug-dug-HJG-Double-Shot-Type-2-40w-dual-intensity-white-yellow-4-510x510.jpg', 'https://www.dugdugmotorcycles.com/wp-content/uploads/2022/03/dug-dug-HJG-Double-Shot-Type-2-40w-dual-intensity-white-yellow-3-510x510.jpg', 'https://www.dugdugmotorcycles.com/wp-content/uploads/2022/03/dug-dug-HJG-Double-Shot-Type-2-40w-dual-intensity-white-yellow-1-510x510.jpg']","₹3,999.00",-,-,-,-,-,-,-,"₹1,650.00",-,-,-,-,-,-,-,-,-,-,-
HJG Monster Eagle Ultra Wide Mini Driving LED Light White-Yellow,"Weight
1.2 kg",-,DUGDUG-1195,-,-,-,-,-,-,-,-,"['https://www.dugdugmotorcycles.com/wp-content/uploads/2021/10/HJG-Monster-Eagle-Ultra-Wide-Mini-Driving-LED-Light-White-Yellow-5-510x510.jpg', 'https://www.dugdugmotorcycles.com/wp-content/uploads/2021/10/HJG-Monster-Eagle-Ultra-Wide-Mini-Driving-LED-Light-White-Yellow-7-510x510.jpg', 'https://www.dugdugmotorcycles.com/wp-content/uploads/2021/10/HJG-Monster-Eagle-Ultra-Wide-Mini-Driving-LED-Light-White-Yellow-1-510x510.jpg', 'https://www.dugdugmotorcycles.com/wp-content/uploads/2021/10/HJG-Monster-Eagle-Ultra-Wide-Mini-Driving-LED-Light-White-Yellow-4-510x510.jpg', 'https://www.dugdugmotorcycles.com/wp-content/uploads/2021/10/HJG-Monster-Eagle-Ultra-Wide-Mini-Driving-LED-Light-White-Yellow-3-510x510.jpg', 'https://www.dugdugmotorcycles.com/wp-content/uploads/2021/10/HJG-Monster-Eagle-Ultra-Wide-Mini-Driving-LED-Light-White-Yellow-2-510x510.jpg', 'https://www.dugdugmotorcycles.com/wp-content/uploads/2021/10/HJG-Monster-Eagle-Ultra-Wide-Mini-Driving-LED-Light-White-Yellow-6-510x680.jpg']","₹3,999.00",-,-,-,-,-,-,-,"₹2,600.00",-,-,-,-,-,-,-,-,-,-,-
HJG Y Design Dual Intensity LED Driving Fog Lights White Yellow,"Weight
1.2 kg",-,DUGDUG-1194,-,-,-,-,-,-,-,-,"['https://www.dugdugmotorcycles.com/wp-content/uploads/2021/10/dug-dug-hjg-y-model-40w-white-yellow-dual-intensity-led-fog-lights-2-510x510.jpg', 'https://www.dugdugmotorcycles.com/wp-content/uploads/2021/10/dug-dug-hjg-y-model-40w-white-yellow-dual-intensity-led-fog-lights-1-510x510.jpg', 'https://www.dugdugmotorcycles.com/wp-content/uploads/2021/10/dug-dug-hjg-y-model-40w-white-yellow-dual-intensity-led-fog-lights-3-510x510.jpg']","₹3,999.00",-,-,-,-,-,-,-,"₹2,200.00",-,-,-,-,-,-,-,-,-,-,-
HJG Triple Shot Dual Intensity Mini Driving LED Driving Fog Lights White Yellow,"Weight
1.2 kg",-,DUGDUG-1193,-,-,-,-,-,-,-,-,"['https://www.dugdugmotorcycles.com/wp-content/uploads/2021/10/HJG-TRISTAR-MINI-DRIVING-LIGHT-FOR-MOTORCYCLE-AND-CAR-WHITEYELLOW-LTO-APPROVED-main-2-510x510.jpg', 'https://www.dugdugmotorcycles.com/wp-content/uploads/2021/10/HJG-TRISTAR-MINI-DRIVING-LIGHT-FOR-MOTORCYCLE-AND-CAR-WHITEYELLOW-LTO-APPROVED-main-1-510x510.jpg', 'https://www.dugdugmotorcycles.com/wp-content/uploads/2021/10/HJG-TRISTAR-MINI-DRIVING-LIGHT-FOR-MOTORCYCLE-AND-CAR-WHITEYELLOW-LTO-APPROVED-main-6-510x510.jpg', 'https://www.dugdugmotorcycles.com/wp-content/uploads/2021/10/HJG-TRISTAR-MINI-DRIVING-LIGHT-FOR-MOTORCYCLE-AND-CAR-WHITEYELLOW-LTO-APPROVED-main-3-510x510.jpg', 'https://www.dugdugmotorcycles.com/wp-content/uploads/2021/10/HJG-TRISTAR-MINI-DRIVING-LIGHT-FOR-MOTORCYCLE-AND-CAR-WHITEYELLOW-LTO-APPROVED-main-5-510x510.jpg', 'https://www.dugdugmotorcycles.com/wp-content/uploads/2021/10/HJG-TRISTAR-MINI-DRIVING-LIGHT-FOR-MOTORCYCLE-AND-CAR-WHITEYELLOW-LTO-APPROVED-main-4-510x680.jpg']","₹4,999.00",-,-,-,-,-,-,-,"₹3,000.00",-,-,-,-,-,-,-,-,-,-,-
HJG Double Shot Dual Intensity Mini Driving LED Driving Fog Lights White Yellow,"Weight
1.2 kg",-,DUGDUG-1192,-,-,-,-,-,-,-,-,"['https://www.dugdugmotorcycles.com/wp-content/uploads/2021/10/hjg-double-shot-dual-led-mini-driving-fog-lights-white-yellow-1-510x427.jpg', 'https://www.dugdugmotorcycles.com/wp-content/uploads/2021/10/hjg-double-shot-dual-led-mini-driving-fog-lights-white-yellow-3-510x510.jpg', 'https://www.dugdugmotorcycles.com/wp-content/uploads/2021/10/hjg-double-shot-dual-led-mini-driving-fog-lights-white-yellow-12-510x510.jpg', 'https://www.dugdugmotorcycles.com/wp-content/uploads/2021/10/hjg-double-shot-dual-led-mini-driving-fog-lights-white-yellow-5-510x510.jpg', 'https://www.dugdugmotorcycles.com/wp-content/uploads/2021/10/hjg-double-shot-dual-led-mini-driving-fog-lights-white-yellow-2-510x510.jpg', 'https://www.dugdugmotorcycles.com/wp-content/uploads/2021/10/hjg-double-shot-dual-led-mini-driving-fog-lights-white-yellow-4-510x510.jpg', 'https://www.dugdugmotorcycles.com/wp-content/uploads/2021/10/hjg-double-shot-dual-led-mini-driving-fog-lights-white-yellow-13-510x510.jpg', 'https://www.dugdugmotorcycles.com/wp-content/uploads/2021/10/hjg-double-shot-dual-led-mini-driving-fog-lights-white-yellow-7-510x510.jpg', 'https://www.dugdugmotorcycles.com/wp-content/uploads/2021/10/hjg-double-shot-dual-led-mini-driving-fog-lights-white-yellow-11-510x510.jpg', 'https://www.dugdugmotorcycles.com/wp-content/uploads/2021/10/hjg-double-shot-dual-led-mini-driving-fog-lights-white-yellow-10-510x510.jpg', 'https://www.dugdugmotorcycles.com/wp-content/uploads/2021/10/hjg-double-shot-dual-led-mini-driving-fog-lights-white-yellow-9-510x510.jpg', 'https://www.dugdugmotorcycles.com/wp-content/uploads/2021/10/hjg-double-shot-dual-led-mini-driving-fog-lights-white-yellow-8-510x510.jpg', 'https://www.dugdugmotorcycles.com/wp-content/uploads/2021/10/hjg-double-shot-dual-led-mini-driving-fog-lights-white-yellow-6-510x510.jpg']","₹3,500.00",-,-,-,-,-,-,-,"₹2,200.00",-,-,-,-,-,-,-,-,-,-,-
HJG 5 in 1 Multi Mode Flashing Auxiliary Lights,"Weight
0.85 kg",-,DUGDUG-1170,-,-,-,-,-,-,-,-,"['https://www.dugdugmotorcycles.com/wp-content/uploads/2021/09/HJG-flashing-fog-light-for-motorcycles-dug-dug-2-510x510.jpg', 'https://www.dugdugmotorcycles.com/wp-content/uploads/2021/09/HJG-flashing-fog-light-for-motorcycles-dug-dug-1-510x510.jpg', 'https://www.dugdugmotorcycles.com/wp-content/uploads/2021/09/HJG-flashing-fog-light-for-motorcycles-dug-dug-3-510x510.jpg', 'https://www.dugdugmotorcycles.com/wp-content/uploads/2021/09/HJG-flashing-fog-light-for-motorcycles-dug-dug-4-510x510.jpg', 'https://www.dugdugmotorcycles.com/wp-content/uploads/2021/09/HJG-flashing-fog-light-for-motorcycles-dug-dug-5-510x510.jpg']","₹1,999.00",-,-,-,-,-,-,-,"₹1,250.00",-,-,-,-,-,-,-,-,-,-,-
HJG 5 in 1 Multi Mode Flashing Auxiliary Light,"Weight
0.85 kg",-,DUGDUG-1169,-,-,-,-,-,-,-,-,"['https://www.dugdugmotorcycles.com/wp-content/uploads/2021/09/HJG-flashing-fog-light-for-motorcycles-1-510x510.jpg', 'https://www.dugdugmotorcycles.com/wp-content/uploads/2021/09/HJG-flashing-fog-light-for-motorcycles-2-510x510.jpg', 'https://www.dugdugmotorcycles.com/wp-content/uploads/2021/09/HJG-flashing-fog-light-for-motorcycles-3-510x286.jpg', 'https://www.dugdugmotorcycles.com/wp-content/uploads/2021/09/HJG-flashing-fog-light-for-motorcycles-dug-dug-5-510x510.jpg']",$61.97,-,-,-,-,-,-,-,,-,-,-,-,-,-,-,-,-,-,-
New HJG 6 LED 60w Fog Light for all Motorcycles,"Weight
1.3 kg",-,DUGDUG-1154,-,-,-,-,-,-,-,-,"['https://www.dugdugmotorcycles.com/wp-content/uploads/2021/09/dug-dug-hjg-new-l6x-for-motorcycles-7-510x510.jpg', 'https://www.dugdugmotorcycles.com/wp-content/uploads/2021/09/dug-dug-hjg-new-l6x-for-motorcycles-1-510x510.jpg', 'https://www.dugdugmotorcycles.com/wp-content/uploads/2021/09/dug-dug-hjg-new-l6x-for-motorcycles-8-510x510.jpg', 'https://www.dugdugmotorcycles.com/wp-content/uploads/2021/09/dug-dug-hjg-new-l6x-for-motorcycles-6-510x510.jpg', 'https://www.dugdugmotorcycles.com/wp-content/uploads/2021/09/dug-dug-hjg-new-l6x-for-motorcycles-5-510x510.jpg', 'https://www.dugdugmotorcycles.com/wp-content/uploads/2021/09/dug-dug-hjg-new-l6x-for-motorcycles-4-510x510.jpg', 'https://www.dugdugmotorcycles.com/wp-content/uploads/2021/09/dug-dug-hjg-new-l6x-for-motorcycles-3-510x510.jpg', 'https://www.dugdugmotorcycles.com/wp-content/uploads/2021/09/dug-dug-hjg-new-l6x-for-motorcycles-2-510x510.jpg']","₹3,999.00",-,-,-,-,-,-,-,"₹2,999.00",-,-,-,-,-,-,-,-,-,-,-
New HJG Mini Driving Fog Lights for all Bikes | Royal Enfield | KTM | R15 | DOMINAR,"Weight
1.4 kg",-,DUGDUG-1108,-,-,-,-,-,-,-,-,"['https://www.dugdugmotorcycles.com/wp-content/uploads/2021/07/HJG-Mini-Driving-Fog-Lights-3-510x510.jpg', 'https://www.dugdugmotorcycles.com/wp-content/uploads/2021/07/HJG-Mini-Driving-Fog-Lights-13-510x510.jpg', 'https://www.dugdugmotorcycles.com/wp-content/uploads/2021/07/HJG-Mini-Driving-Fog-Lights-12-510x510.jpg', 'https://www.dugdugmotorcycles.com/wp-content/uploads/2021/07/HJG-Mini-Driving-Fog-Lights-11-510x510.jpg', 'https://www.dugdugmotorcycles.com/wp-content/uploads/2021/07/HJG-Mini-Driving-Fog-Lights-10-510x510.jpg', 'https://www.dugdugmotorcycles.com/wp-content/uploads/2021/07/HJG-Mini-Driving-Fog-Lights-9-510x510.jpg', 'https://www.dugdugmotorcycles.com/wp-content/uploads/2021/07/HJG-Mini-Driving-Fog-Lights-8-510x510.jpg', 'https://www.dugdugmotorcycles.com/wp-content/uploads/2021/07/HJG-Mini-Driving-Fog-Lights-7-510x510.jpg', 'https://www.dugdugmotorcycles.com/wp-content/uploads/2021/07/HJG-Mini-Driving-Fog-Lights-6-510x510.jpg', 'https://www.dugdugmotorcycles.com/wp-content/uploads/2021/07/HJG-Mini-Driving-Fog-Lights-5-510x510.jpg', 'https://www.dugdugmotorcycles.com/wp-content/uploads/2021/07/HJG-Mini-Driving-Fog-Lights-4-510x510.jpg', 'https://www.dugdugmotorcycles.com/wp-content/uploads/2021/07/HJG-Mini-Driving-Fog-Lights-1-510x510.jpg']","₹3,999.00",-,-,-,-,-,-,-,"₹2,500.00",-,-,-,-,-,-,-,-,-,-,-
HJG L4X LED Fog Light Auxiliary Light for Motorcycles – Yellow Cover,"Features:
• Using high-power led lamp beads, long life 10000 hours the above. Brightness equivalent brightness xenon
lamp.
• 90% of the electrical energy into light energy. power consumption of only ordinary 1/10 of the lamp.
• LED TYPE: 40W Per Light, 3000 Lm
• Built-in application-specific integrated headlight constant current drive control 12-80v universal, adapt to a wide range.
• Do not destroy the original car structure, mounted directly applicable to all electricity moving car, motorcycle.




Weight
1.3 kg",-,DUGDUG-1105,-,-,-,-,-,-,-,-,"['https://www.dugdugmotorcycles.com/wp-content/uploads/2021/07/hjg-l4x-4-led-cree-fog-lights-dug-dug-motorcycles-2-510x510.jpg', 'https://www.dugdugmotorcycles.com/wp-content/uploads/2021/07/hjg-l4x-4-led-cree-fog-lights-dug-dug-motorcycles-1-510x510.jpg', 'https://www.dugdugmotorcycles.com/wp-content/uploads/2021/07/hjg-l4x-4-led-cree-fog-lights-dug-dug-motorcycles-12-510x510.jpg', 'https://www.dugdugmotorcycles.com/wp-content/uploads/2021/07/hjg-l4x-4-led-cree-fog-lights-dug-dug-motorcycles-11-510x510.jpg', 'https://www.dugdugmotorcycles.com/wp-content/uploads/2021/07/hjg-l4x-4-led-cree-fog-lights-dug-dug-motorcycles-10-510x510.jpg', 'https://www.dugdugmotorcycles.com/wp-content/uploads/2021/07/hjg-l4x-4-led-cree-fog-lights-dug-dug-motorcycles-9-510x510.jpg', 'https://www.dugdugmotorcycles.com/wp-content/uploads/2021/07/hjg-l4x-4-led-cree-fog-lights-dug-dug-motorcycles-8-510x510.jpg', 'https://www.dugdugmotorcycles.com/wp-content/uploads/2021/07/hjg-l4x-4-led-cree-fog-lights-dug-dug-motorcycles-7-510x510.jpg', 'https://www.dugdugmotorcycles.com/wp-content/uploads/2021/07/hjg-l4x-4-led-cree-fog-lights-dug-dug-motorcycles-6-510x510.jpg', 'https://www.dugdugmotorcycles.com/wp-content/uploads/2021/07/hjg-l4x-4-led-cree-fog-lights-dug-dug-motorcycles-5-510x510.jpg', 'https://www.dugdugmotorcycles.com/wp-content/uploads/2021/07/hjg-l4x-4-led-cree-fog-lights-dug-dug-motorcycles-4-510x510.jpg', 'https://www.dugdugmotorcycles.com/wp-content/uploads/2021/07/hjg-l4x-4-led-cree-fog-lights-dug-dug-motorcycles-3-510x510.jpg', 'https://www.dugdugmotorcycles.com/wp-content/uploads/2021/07/hjg-l4x-4-led-cree-fog-lights-dug-dug-motorcycles-2-510x510.jpg', 'https://www.dugdugmotorcycles.com/wp-content/uploads/2021/07/fog-light-yellow-cover-dug-dug-motorcycles-2-510x510.jpg', 'https://www.dugdugmotorcycles.com/wp-content/uploads/2021/07/fog-light-yellow-cover-dug-dug-motorcycles-3-510x510.jpg', 'https://www.dugdugmotorcycles.com/wp-content/uploads/2021/07/fog-light-yellow-cover-dug-dug-motorcycles-4-510x510.jpg']",$123.97,-,-,-,-,-,-,-,,-,-,-,-,-,-,-,-,-,-,-
HJG L4X LED Fog Light Auxiliary Light for Motorcycles – Yellow Cover,"Features:
• Using high-power led lamp beads, long life 10000 hours the above. Brightness equivalent brightness xenon
lamp.
• 90% of the electrical energy into light energy. power consumption of only ordinary 1/10 of the lamp.
• LED TYPE: 40W Per Light, 3000 Lm
• Built-in application-specific integrated headlight constant current drive control 12-80v universal, adapt to a wide range.
• Do not destroy the original car structure, mounted directly applicable to all electricity moving car, motorcycle.




Weight
1.3 kg",-,DUGDUG-1105,-,-,-,-,-,-,-,-,"['https://www.dugdugmotorcycles.com/wp-content/uploads/2021/07/hjg-l4x-4-led-cree-fog-lights-dug-dug-motorcycles-2-510x510.jpg', 'https://www.dugdugmotorcycles.com/wp-content/uploads/2021/07/hjg-l4x-4-led-cree-fog-lights-dug-dug-motorcycles-1-510x510.jpg', 'https://www.dugdugmotorcycles.com/wp-content/uploads/2021/07/hjg-l4x-4-led-cree-fog-lights-dug-dug-motorcycles-12-510x510.jpg', 'https://www.dugdugmotorcycles.com/wp-content/uploads/2021/07/hjg-l4x-4-led-cree-fog-lights-dug-dug-motorcycles-11-510x510.jpg', 'https://www.dugdugmotorcycles.com/wp-content/uploads/2021/07/hjg-l4x-4-led-cree-fog-lights-dug-dug-motorcycles-10-510x510.jpg', 'https://www.dugdugmotorcycles.com/wp-content/uploads/2021/07/hjg-l4x-4-led-cree-fog-lights-dug-dug-motorcycles-9-510x510.jpg', 'https://www.dugdugmotorcycles.com/wp-content/uploads/2021/07/hjg-l4x-4-led-cree-fog-lights-dug-dug-motorcycles-8-510x510.jpg', 'https://www.dugdugmotorcycles.com/wp-content/uploads/2021/07/hjg-l4x-4-led-cree-fog-lights-dug-dug-motorcycles-7-510x510.jpg', 'https://www.dugdugmotorcycles.com/wp-content/uploads/2021/07/hjg-l4x-4-led-cree-fog-lights-dug-dug-motorcycles-6-510x510.jpg', 'https://www.dugdugmotorcycles.com/wp-content/uploads/2021/07/hjg-l4x-4-led-cree-fog-lights-dug-dug-motorcycles-5-510x510.jpg', 'https://www.dugdugmotorcycles.com/wp-content/uploads/2021/07/hjg-l4x-4-led-cree-fog-lights-dug-dug-motorcycles-4-510x510.jpg', 'https://www.dugdugmotorcycles.com/wp-content/uploads/2021/07/hjg-l4x-4-led-cree-fog-lights-dug-dug-motorcycles-3-510x510.jpg', 'https://www.dugdugmotorcycles.com/wp-content/uploads/2021/07/hjg-l4x-4-led-cree-fog-lights-dug-dug-motorcycles-2-510x510.jpg', 'https://www.dugdugmotorcycles.com/wp-content/uploads/2021/07/fog-light-yellow-cover-dug-dug-motorcycles-2-510x510.jpg', 'https://www.dugdugmotorcycles.com/wp-content/uploads/2021/07/fog-light-yellow-cover-dug-dug-motorcycles-3-510x510.jpg', 'https://www.dugdugmotorcycles.com/wp-content/uploads/2021/07/fog-light-yellow-cover-dug-dug-motorcycles-4-510x510.jpg']",$123.97,-,-,-,-,-,-,-,,-,-,-,-,-,-,-,-,-,-,-
HJG Mini Driving Fog Lights for all Bikes | Royal Enfield | KTM | R15 | DOMINAR,"HJG Mini Driving Lights for all Bikes 

 
HJG Mini Driving Lights for all Bikes | Royal Enfield | KTM | R15 | DOMINAR
• WIDE APPLICATION• 





				Compatible with Jeep, 4×4, Dirt bikes
				




				Compatible with Motorcycle, E-Bicycle
				




				Compatible with ATV, UTV
				




				Compatible with Cars, Trucks
				

 





BUY WITH CONFIDENCE
If you are encountered following situation:

Do not fit for your vehicle.
Get foggy or light beam go out.
Defective lights or broken lights.
Missing some accessories or parts.
Any problem with DUGDUG lights, JUST FIND ORDERS DETAILS AND REACH OUT TO US on +91-8929797589, WE CAN FIX THAT!

 



SPECIFICATIONS:

Lumen: 5000LM
Lifespan: 30,000 hours
Fan Rotation: 12,000 RPM
Working Voltage: DC 9-24V
Operation Temperature: -20℃- +50℃
Power: Single color (white) 20W; (yellow) 20W








• About The Product •

【Dual Color Motorcycle Led Fog Lights】HJG Mini Driving Lights Low beam 3000K Amber Yellow & high beam 6500K White, can be fog lights, DRL, Driving Light.
【High Brightness Motorcycle Fog Lights】20W, 300% brighter than your stock halogen fog light.
【Safer Motorcycle Led Driving Lights】High low beam design, could efficiently decrease the light scattering and reflecting, and concentrate light to get moew clear night vision, it ideal equipment for night driving. Avoiding blinding driver.
【With Projector Lens Motorcycle Led Spot Lights】Projector lens design make the motorcycle driving lights pattern more concentrate for spot light.
【Wide Application Motorcycle Fog Lights】Motorcycle Car SUV Truck ATV, etc. Install Position: front bar, middle net, cover, roof.

 
SPECIFICATIONS:

Current: 2A
Lumen: 5000LM
Lifespan: 30,000 hours
Fan Rotation: 12,000 RPM
Working Voltage: DC 9-24V
Operation Temperature: -20℃- +50℃
Power: Single color (white) 20W; (yellow) 20W

 
Product description
New 2 pcs Led Driving Light for Motorcycle, Amber Light, High Low Beam Function Fog Lights Headlights for Bike 20w each 40 w pair 100% New with High Quality Material:Plastic It is easy to install, adjustable mounting structure can be applied to any kind of motorcycle, car, UTVs, trucks, buses, ATVs, SUVs, boats, scooter etc. [Superior Brightness]. Adopted high quality cree chips, this 40W (2PCS) motorcycle headlight with new-tech optical bifocal lens mod, has not only highly increased the light brightness, but also efficiently decreased the scattered and reflected light , which hugely improve the safety of driving. 3000 lumens/light. [High Low Beam Switch Funtion. With this function, you can easily change the light type according to your driving environment. It is anti-glared thanks to the optical bifocal lens so you don’t have to worry if the high beam will blind the driver ahead or oncoming vehicles. Please check picture 4 for the wiring instruction of the hign low beam. [Durable Aluminum Alloy]. Housing is made of extruded aluminum, making the light truly impact-resistant, also shockproof, scratch proof. it is strong enough to deal with extreme temperatures, both hot and cold.
 




DUGDUG focus on providing best quality Motorcycle Accessories. DUGDUG can help you modify your vehicle with the best prices in the industry and provide you with quality accessories and lighting solutions with affordable prices. Your happiness and satisfaction is our goal and we will make sure to deliver it on that every single time you deal with us. We all believe that we can make it better in the future!



 
Other Awesome Fog Light Models:




-30%





 




 









Quick View 


 
			LED Fog Lights		
15 LED Fog Light for All Motorcycles

₹999.00 ₹699.00
 





-63%





 




 









Quick View 


 
			LED		
New Mini Driving Fog Light for All Motorcycle | Dual Function White-Yellow Lens Projector Auxiliary Light 20w

₹2,999.00 ₹1,100.00
 





-35%





 




 









Quick View 


 
			HJG Fog Lights		
HJG L9X LED Fog Light Auxiliary Light for Motorcycles – 40Watt – Yellow Cover

₹3,999.00 ₹2,600.00
 





-48%





 




 









Quick View 


 
			HJG Fog Lights		
HJG 4 LED CREE Fog Light Auxiliary Light for all Motorcycles – 60w – Yellow Cover
     No reviews  
₹4,999.00 ₹2,600.00
 





-37%





 




 









Quick View 


 
			HJG Fog Lights		
HJG Mini Driving Fog Light for All Motorcycle | Dual Function White-Yellow Lens Projector Auxiliary Light 20w
     1 review  
₹3,999.00 ₹2,500.00
 





-35%





 




 









Quick View 


 
			HJG Lights		
Dug Dug Fog Light Auxiliary Light Wiring Harness Kit Flashing Light Kit for All Fog Light Motorcycles
     No reviews  
₹1,999.00 ₹1,299.00
 





-31%





 




 









Quick View 


 
			Combo Deals		
4 LED CREE Fog Light Auxiliary Light for all Motorcycles with Wiring Harness – 1 Year Warranty

₹6,499.00 ₹4,500.00
 





-40%





 




 









Quick View 


 
			LED		
4 LED CREE Fog Light Auxiliary Light for all Motorcycles – 60w
     No reviews  
₹4,999.00 ₹2,999.00
 





-27%





 




 









Quick View 
Out of stock 

 
			LED		
New Adjustable Focus Lens Projector Auxiliary Fog Light for All Motorcycles and Bikes – 1 Year Warranty

₹5,500.00 ₹3,999.00
 





-37%





 




 









Quick View 


 
			LED Fog Lights		
3 Inch 40W LED Fog Light with LED Round DRL Angel Eye for bikes
     No reviews  
₹1,999.00 ₹1,250.00
 








Weight
1.3 kg",-,DUGDUG-980,-,-,-,-,-,-,-,-,"['https://www.dugdugmotorcycles.com/wp-content/uploads/2021/01/HJG-Mini-Driving-Fog-Lights-20w-for-all-bikes-1-510x268.jpg', 'https://www.dugdugmotorcycles.com/wp-content/uploads/2021/01/HJG-Mini-Driving-Fog-Lights-20w-for-all-bikes-3-510x266.jpg', 'https://www.dugdugmotorcycles.com/wp-content/uploads/2021/01/HJG-Mini-Driving-Fog-Lights-1-510x439.jpg', 'https://www.dugdugmotorcycles.com/wp-content/uploads/2021/01/HJG-Mini-Driving-Fog-Lights-2-510x510.jpg', 'https://www.dugdugmotorcycles.com/wp-content/uploads/2021/01/HJG-Mini-Driving-Fog-Lights-3-510x510.jpg', 'https://www.dugdugmotorcycles.com/wp-content/uploads/2021/01/HJG-Mini-Driving-Fog-Lights-4-510x510.jpg', 'https://www.dugdugmotorcycles.com/wp-content/uploads/2021/01/HJG-Mini-Driving-Fog-Lights-5-510x510.jpg', 'https://www.dugdugmotorcycles.com/wp-content/uploads/2021/01/HJG-Mini-Driving-Fog-Lights-6-510x510.jpg', 'https://www.dugdugmotorcycles.com/wp-content/uploads/2021/01/HJG-Mini-Driving-Fog-Lights-7-510x501.jpg']","₹2,200.00",-,-,-,-,-,-,-,"₹1,300.00",-,-,-,-,-,-,-,-,-,-,-
HJG Mini Driving Fog Lights for all Bikes | Royal Enfield | KTM | R15 | DOMINAR,"HJG Mini Driving Lights for all Bikes 

 
HJG Mini Driving Lights for all Bikes | Royal Enfield | KTM | R15 | DOMINAR
• WIDE APPLICATION• 





				Compatible with Jeep, 4×4, Dirt bikes
				




				Compatible with Motorcycle, E-Bicycle
				




				Compatible with ATV, UTV
				




				Compatible with Cars, Trucks
				

 





BUY WITH CONFIDENCE
If you are encountered following situation:

Do not fit for your vehicle.
Get foggy or light beam go out.
Defective lights or broken lights.
Missing some accessories or parts.
Any problem with DUGDUG lights, JUST FIND ORDERS DETAILS AND REACH OUT TO US on +91-8929797589, WE CAN FIX THAT!

 



SPECIFICATIONS:

Lumen: 5000LM
Lifespan: 30,000 hours
Fan Rotation: 12,000 RPM
Working Voltage: DC 9-24V
Operation Temperature: -20℃- +50℃
Power: Single color (white) 20W; (yellow) 20W








• About The Product •

【Dual Color Motorcycle Led Fog Lights】HJG Mini Driving Lights Low beam 3000K Amber Yellow & high beam 6500K White, can be fog lights, DRL, Driving Light.
【High Brightness Motorcycle Fog Lights】20W, 300% brighter than your stock halogen fog light.
【Safer Motorcycle Led Driving Lights】High low beam design, could efficiently decrease the light scattering and reflecting, and concentrate light to get moew clear night vision, it ideal equipment for night driving. Avoiding blinding driver.
【With Projector Lens Motorcycle Led Spot Lights】Projector lens design make the motorcycle driving lights pattern more concentrate for spot light.
【Wide Application Motorcycle Fog Lights】Motorcycle Car SUV Truck ATV, etc. Install Position: front bar, middle net, cover, roof.

 
SPECIFICATIONS:

Current: 2A
Lumen: 5000LM
Lifespan: 30,000 hours
Fan Rotation: 12,000 RPM
Working Voltage: DC 9-24V
Operation Temperature: -20℃- +50℃
Power: Single color (white) 20W; (yellow) 20W

 
Product description
New 2 pcs Led Driving Light for Motorcycle, Amber Light, High Low Beam Function Fog Lights Headlights for Bike 20w each 40 w pair 100% New with High Quality Material:Plastic It is easy to install, adjustable mounting structure can be applied to any kind of motorcycle, car, UTVs, trucks, buses, ATVs, SUVs, boats, scooter etc. [Superior Brightness]. Adopted high quality cree chips, this 40W (2PCS) motorcycle headlight with new-tech optical bifocal lens mod, has not only highly increased the light brightness, but also efficiently decreased the scattered and reflected light , which hugely improve the safety of driving. 3000 lumens/light. [High Low Beam Switch Funtion. With this function, you can easily change the light type according to your driving environment. It is anti-glared thanks to the optical bifocal lens so you don’t have to worry if the high beam will blind the driver ahead or oncoming vehicles. Please check picture 4 for the wiring instruction of the hign low beam. [Durable Aluminum Alloy]. Housing is made of extruded aluminum, making the light truly impact-resistant, also shockproof, scratch proof. it is strong enough to deal with extreme temperatures, both hot and cold.
 




DUGDUG focus on providing best quality Motorcycle Accessories. DUGDUG can help you modify your vehicle with the best prices in the industry and provide you with quality accessories and lighting solutions with affordable prices. Your happiness and satisfaction is our goal and we will make sure to deliver it on that every single time you deal with us. We all believe that we can make it better in the future!



 
Other Awesome Fog Light Models:




-30%





 




 









Quick View 


 
			LED Fog Lights		
15 LED Fog Light for All Motorcycles

₹999.00 ₹699.00
 





-63%





 




 









Quick View 


 
			LED		
New Mini Driving Fog Light for All Motorcycle | Dual Function White-Yellow Lens Projector Auxiliary Light 20w

₹2,999.00 ₹1,100.00
 





-35%





 




 









Quick View 


 
			HJG Fog Lights		
HJG L9X LED Fog Light Auxiliary Light for Motorcycles – 40Watt – Yellow Cover

₹3,999.00 ₹2,600.00
 





-48%





 




 









Quick View 


 
			HJG Fog Lights		
HJG 4 LED CREE Fog Light Auxiliary Light for all Motorcycles – 60w – Yellow Cover
     No reviews  
₹4,999.00 ₹2,600.00
 





-37%





 




 









Quick View 


 
			HJG Fog Lights		
HJG Mini Driving Fog Light for All Motorcycle | Dual Function White-Yellow Lens Projector Auxiliary Light 20w
     1 review  
₹3,999.00 ₹2,500.00
 





-35%





 




 









Quick View 


 
			HJG Lights		
Dug Dug Fog Light Auxiliary Light Wiring Harness Kit Flashing Light Kit for All Fog Light Motorcycles
     No reviews  
₹1,999.00 ₹1,299.00
 





-31%





 




 









Quick View 


 
			Combo Deals		
4 LED CREE Fog Light Auxiliary Light for all Motorcycles with Wiring Harness – 1 Year Warranty

₹6,499.00 ₹4,500.00
 





-40%





 




 









Quick View 


 
			LED		
4 LED CREE Fog Light Auxiliary Light for all Motorcycles – 60w
     No reviews  
₹4,999.00 ₹2,999.00
 





-27%





 




 









Quick View 
Out of stock 

 
			LED		
New Adjustable Focus Lens Projector Auxiliary Fog Light for All Motorcycles and Bikes – 1 Year Warranty

₹5,500.00 ₹3,999.00
 





-37%





 




 









Quick View 


 
			LED Fog Lights		
3 Inch 40W LED Fog Light with LED Round DRL Angel Eye for bikes
     No reviews  
₹1,999.00 ₹1,250.00
 








Weight
1.3 kg",-,DUGDUG-980,-,-,-,-,-,-,-,-,"['https://www.dugdugmotorcycles.com/wp-content/uploads/2021/01/HJG-Mini-Driving-Fog-Lights-20w-for-all-bikes-1-510x268.jpg', 'https://www.dugdugmotorcycles.com/wp-content/uploads/2021/01/HJG-Mini-Driving-Fog-Lights-20w-for-all-bikes-3-510x266.jpg', 'https://www.dugdugmotorcycles.com/wp-content/uploads/2021/01/HJG-Mini-Driving-Fog-Lights-1-510x439.jpg', 'https://www.dugdugmotorcycles.com/wp-content/uploads/2021/01/HJG-Mini-Driving-Fog-Lights-2-510x510.jpg', 'https://www.dugdugmotorcycles.com/wp-content/uploads/2021/01/HJG-Mini-Driving-Fog-Lights-3-510x510.jpg', 'https://www.dugdugmotorcycles.com/wp-content/uploads/2021/01/HJG-Mini-Driving-Fog-Lights-4-510x510.jpg', 'https://www.dugdugmotorcycles.com/wp-content/uploads/2021/01/HJG-Mini-Driving-Fog-Lights-5-510x510.jpg', 'https://www.dugdugmotorcycles.com/wp-content/uploads/2021/01/HJG-Mini-Driving-Fog-Lights-6-510x510.jpg', 'https://www.dugdugmotorcycles.com/wp-content/uploads/2021/01/HJG-Mini-Driving-Fog-Lights-7-510x501.jpg']","₹2,200.00",-,-,-,-,-,-,-,"₹1,300.00",-,-,-,-,-,-,-,-,-,-,-
HJG Mini Driving Fog Light for All Motorcycle | Dual Function White-Yellow Lens Projector Auxiliary Light 20w,"HJG Mini Driving Fog Light for All Motorcycle | Dual Function White-Yellow Lens Projector Auxiliary Light 20w
 
Product description
New 2 pcs Led Driving Light for Motorcycle, Amber Light, High Low Beam Function Fog Lights Headlights for Bike 20w each 40 w pair 100% New with High Quality Material:Plastic It is easy to install, adjustable mounting structure can be applied to any kind of motorcycle, car, UTVs, trucks, buses, ATVs, SUVs, boats, scooter etc. [Superior Brightness]. Adopted high quality cree chips, this 40W (2PCS) motorcycle headlight with new-tech optical bifocal lens mod, has not only highly increased the light brightness, but also efficiently decreased the scattered and reflected light , which hugely improve the safety of driving. 3000 lumens/light. [High Low Beam Switch Funtion. With this function, you can easily change the light type according to your driving environment. It is anti-glared thanks to the optical bifocal lens so you don’t have to worry if the high beam will blind the driver ahead or oncoming vehicles. Please check picture 4 for the wiring instruction of the hign low beam. [Durable Aluminum Alloy]. Housing is made of extruded aluminum, making the light truly impact-resistant, also shockproof, scratch proof. it is strong enough to deal with extreme temperatures, both hot and cold.




Weight
0.85 kg",-,DUGDUG-909,-,-,-,-,-,-,-,-,"['https://www.dugdugmotorcycles.com/wp-content/uploads/2020/10/Dug-Dug-HJG-Mini-Driving-Fog-Light-20w-White-and-Yello-Fog-Light-for-all-motorcycles-7-510x516.jpg', 'https://www.dugdugmotorcycles.com/wp-content/uploads/2020/10/Dug-Dug-HJG-Mini-Driving-Fog-Light-20w-White-and-Yello-Fog-Light-for-all-motorcycles-1-510x467.jpg', 'https://www.dugdugmotorcycles.com/wp-content/uploads/2020/10/Dug-Dug-HJG-Mini-Driving-Fog-Light-20w-White-and-Yello-Fog-Light-for-all-motorcycles-9-510x383.jpg', 'https://www.dugdugmotorcycles.com/wp-content/uploads/2020/10/Dug-Dug-HJG-Mini-Driving-Fog-Light-20w-White-and-Yello-Fog-Light-for-all-motorcycles-8-510x383.jpg', 'https://www.dugdugmotorcycles.com/wp-content/uploads/2020/10/Dug-Dug-HJG-Mini-Driving-Fog-Light-20w-White-and-Yello-Fog-Light-for-all-motorcycles-7-510x516.jpg', 'https://www.dugdugmotorcycles.com/wp-content/uploads/2020/10/Dug-Dug-HJG-Mini-Driving-Fog-Light-20w-White-and-Yello-Fog-Light-for-all-motorcycles-6-510x464.jpg', 'https://www.dugdugmotorcycles.com/wp-content/uploads/2020/10/Dug-Dug-HJG-Mini-Driving-Fog-Light-20w-White-and-Yello-Fog-Light-for-all-motorcycles-5-510x454.jpg', 'https://www.dugdugmotorcycles.com/wp-content/uploads/2020/10/Dug-Dug-HJG-Mini-Driving-Fog-Light-20w-White-and-Yello-Fog-Light-for-all-motorcycles-4-510x515.jpg', 'https://www.dugdugmotorcycles.com/wp-content/uploads/2020/10/Dug-Dug-HJG-Mini-Driving-Fog-Light-20w-White-and-Yello-Fog-Light-for-all-motorcycles-3-510x484.jpg', 'https://www.dugdugmotorcycles.com/wp-content/uploads/2020/10/Dug-Dug-HJG-Mini-Driving-Fog-Light-20w-White-and-Yello-Fog-Light-for-all-motorcycles-2-510x459.jpg']","₹3,999.00",-,-,-,-,-,-,-,"₹2,500.00",-,-,-,-,-,-,-,-,-,-,-
HJG 4 LED CREE Fog Light Auxiliary Light for all Motorcycles – 60w – Yellow Cover,"Weight
1.3 kg",-,DUGDUG-908,-,-,-,-,-,-,-,-,"['https://www.dugdugmotorcycles.com/wp-content/uploads/2020/10/Dug-Dug-HJG-4-LED-CREE-60W-LED-Fog-Light-Auxiliary-Light-for-all-motorcycles-9-510x488.jpg', 'https://www.dugdugmotorcycles.com/wp-content/uploads/2020/10/Dug-Dug-HJG-4-LED-CREE-60W-LED-Fog-Light-Auxiliary-Light-for-all-motorcycles-2-510x436.jpg', 'https://www.dugdugmotorcycles.com/wp-content/uploads/2020/10/Dug-Dug-HJG-4-LED-CREE-60W-LED-Fog-Light-Auxiliary-Light-for-all-motorcycles-1-510x460.jpg', 'https://www.dugdugmotorcycles.com/wp-content/uploads/2020/10/Dug-Dug-HJG-4-LED-CREE-60W-LED-Fog-Light-Auxiliary-Light-for-all-motorcycles-3-510x485.jpg', 'https://www.dugdugmotorcycles.com/wp-content/uploads/2020/10/Dug-Dug-HJG-4-LED-CREE-60W-LED-Fog-Light-Auxiliary-Light-for-all-motorcycles-4-510x507.jpg', 'https://www.dugdugmotorcycles.com/wp-content/uploads/2020/10/Dug-Dug-HJG-4-LED-CREE-60W-LED-Fog-Light-Auxiliary-Light-for-all-motorcycles-5-510x463.jpg', 'https://www.dugdugmotorcycles.com/wp-content/uploads/2020/10/Dug-Dug-HJG-4-LED-CREE-60W-LED-Fog-Light-Auxiliary-Light-for-all-motorcycles-6-510x441.jpg', 'https://www.dugdugmotorcycles.com/wp-content/uploads/2020/10/Dug-Dug-HJG-4-LED-CREE-60W-LED-Fog-Light-Auxiliary-Light-for-all-motorcycles-7-510x459.jpg', 'https://www.dugdugmotorcycles.com/wp-content/uploads/2020/10/Dug-Dug-HJG-4-LED-CREE-60W-LED-Fog-Light-Auxiliary-Light-for-all-motorcycles-8-510x459.jpg', 'https://www.dugdugmotorcycles.com/wp-content/uploads/2020/10/Dug-Dug-HJG-4-LED-CREE-60W-LED-Fog-Light-Auxiliary-Light-for-all-motorcycles-14-510x480.jpg', 'https://www.dugdugmotorcycles.com/wp-content/uploads/2020/10/Dug-Dug-HJG-4-LED-CREE-60W-LED-Fog-Light-Auxiliary-Light-for-all-motorcycles-13-510x455.jpg', 'https://www.dugdugmotorcycles.com/wp-content/uploads/2020/10/Dug-Dug-HJG-4-LED-CREE-60W-LED-Fog-Light-Auxiliary-Light-for-all-motorcycles-12-510x459.jpg', 'https://www.dugdugmotorcycles.com/wp-content/uploads/2020/10/Dug-Dug-HJG-4-LED-CREE-60W-LED-Fog-Light-Auxiliary-Light-for-all-motorcycles-11-510x451.jpg', 'https://www.dugdugmotorcycles.com/wp-content/uploads/2020/10/Dug-Dug-HJG-4-LED-CREE-60W-LED-Fog-Light-Auxiliary-Light-for-all-motorcycles-10-510x448.jpg']","₹4,999.00",-,-,-,-,-,-,-,"₹2,600.00",-,-,-,-,-,-,-,-,-,-,-
HJG L9X LED Fog Light Auxiliary Light for Motorcycles – 40Watt – Yellow Cover,"Weight
1.0 kg",-,DUGDUG-907,-,-,-,-,-,-,-,-,"['https://www.dugdugmotorcycles.com/wp-content/uploads/2020/10/Dug-Dug-HJG-L9X-9-LED-Fog-Light-for-all-motorcycles-8-510x423.jpg', 'https://www.dugdugmotorcycles.com/wp-content/uploads/2020/10/Dug-Dug-HJG-L9X-9-LED-Fog-Light-for-all-motorcycles-1-510x455.jpg', 'https://www.dugdugmotorcycles.com/wp-content/uploads/2020/10/Dug-Dug-HJG-L9X-9-LED-Fog-Light-for-all-motorcycles-11-510x463.jpg', 'https://www.dugdugmotorcycles.com/wp-content/uploads/2020/10/Dug-Dug-HJG-L9X-9-LED-Fog-Light-for-all-motorcycles-10-510x490.jpg', 'https://www.dugdugmotorcycles.com/wp-content/uploads/2020/10/Dug-Dug-HJG-L9X-9-LED-Fog-Light-for-all-motorcycles-9-510x445.jpg', 'https://www.dugdugmotorcycles.com/wp-content/uploads/2020/10/Dug-Dug-HJG-L9X-9-LED-Fog-Light-for-all-motorcycles-7-510x462.jpg', 'https://www.dugdugmotorcycles.com/wp-content/uploads/2020/10/Dug-Dug-HJG-L9X-9-LED-Fog-Light-for-all-motorcycles-6-510x503.jpg', 'https://www.dugdugmotorcycles.com/wp-content/uploads/2020/10/Dug-Dug-HJG-L9X-9-LED-Fog-Light-for-all-motorcycles-5-510x478.jpg', 'https://www.dugdugmotorcycles.com/wp-content/uploads/2020/10/Dug-Dug-HJG-L9X-9-LED-Fog-Light-for-all-motorcycles-4-510x467.jpg', 'https://www.dugdugmotorcycles.com/wp-content/uploads/2020/10/Dug-Dug-HJG-L9X-9-LED-Fog-Light-for-all-motorcycles-3-510x502.jpg', 'https://www.dugdugmotorcycles.com/wp-content/uploads/2020/10/Dug-Dug-HJG-L9X-9-LED-Fog-Light-for-all-motorcycles-2-510x470.jpg']","₹3,999.00",-,-,-,-,-,-,-,"₹2,600.00",-,-,-,-,-,-,-,-,-,-,-
7 Inch Full Ring 90w Round White LED Headlight with White Amber DRL for Royal Enfield All Models,"Weight
1.8 kg",-,DUGDUG-1209,-,-,-,-,-,-,-,-,"['https://www.dugdugmotorcycles.com/wp-content/uploads/2021/12/7-Inch-Full-Ring-90w-Round-White-LED-Headlight-with-White-Amber-DRL-for-Royal-Enfield-classic-standard-electra-dug-dug-motorcycles-3-510x510.jpg', 'https://www.dugdugmotorcycles.com/wp-content/uploads/2021/12/7-Inch-Full-Ring-90w-Round-White-LED-Headlight-with-White-Amber-DRL-for-Royal-Enfield-classic-standard-electra-dug-dug-motorcycles-2-510x510.jpg', 'https://www.dugdugmotorcycles.com/wp-content/uploads/2021/12/7-Inch-Full-Ring-90w-Round-White-LED-Headlight-with-White-Amber-DRL-for-Royal-Enfield-classic-standard-electra-dug-dug-motorcycles-1-510x510.jpg']",$123.97,-,-,-,-,-,-,-,,-,-,-,-,-,-,-,-,-,-,-
7 Inch Star Design 90w LED Headlight with DRL for Royal Enfield All Models,"Weight
1.8 kg",-,DUGDUG-1208,-,-,-,-,-,-,-,-,"['https://www.dugdugmotorcycles.com/wp-content/uploads/2021/12/7-inch-90w-star-design-led-headlight-for-royal-enfield-classic-standard-electra-dug-dug-motorcycles-9-510x510.jpg', 'https://www.dugdugmotorcycles.com/wp-content/uploads/2021/12/7-inch-90w-star-design-led-headlight-for-royal-enfield-classic-standard-electra-dug-dug-motorcycles-7-510x510.jpg', 'https://www.dugdugmotorcycles.com/wp-content/uploads/2021/12/7-inch-90w-star-design-led-headlight-for-royal-enfield-classic-standard-electra-dug-dug-motorcycles-10-510x510.jpg', 'https://www.dugdugmotorcycles.com/wp-content/uploads/2021/12/7-inch-90w-star-design-led-headlight-for-royal-enfield-classic-standard-electra-dug-dug-motorcycles-2-510x510.jpg', 'https://www.dugdugmotorcycles.com/wp-content/uploads/2021/12/7-inch-90w-star-design-led-headlight-for-royal-enfield-classic-standard-electra-dug-dug-motorcycles-5-510x510.jpg', 'https://www.dugdugmotorcycles.com/wp-content/uploads/2021/12/7-inch-90w-star-design-led-headlight-for-royal-enfield-classic-standard-electra-dug-dug-motorcycles-8-510x510.jpg', 'https://www.dugdugmotorcycles.com/wp-content/uploads/2021/12/7-inch-90w-star-design-led-headlight-for-royal-enfield-classic-standard-electra-dug-dug-motorcycles-3-510x510.jpg', 'https://www.dugdugmotorcycles.com/wp-content/uploads/2021/12/7-inch-90w-star-design-led-headlight-for-royal-enfield-classic-standard-electra-dug-dug-motorcycles-1-510x510.jpg']","₹3,999.00",-,-,-,-,-,-,-,"₹2,500.00",-,-,-,-,-,-,-,-,-,-,-
7 Inch Butterfly Design 90w LED Round Headlight with Turn Signal Indicator for Royal Enfield All Models,"Weight
1.8 kg",-,DUGDUG-1207,-,-,-,-,-,-,-,-,"['https://www.dugdugmotorcycles.com/wp-content/uploads/2021/12/7-Inch-Butterfly-Design-LED-Round-Headlight-with-Turn-Signal-Indicator-for-Royal-Enfield-All-Models-dug-dug-motorcycles-2-510x510.jpg', 'https://www.dugdugmotorcycles.com/wp-content/uploads/2021/12/7-Inch-Butterfly-Design-LED-Round-Headlight-with-Turn-Signal-Indicator-for-Royal-Enfield-All-Models-dug-dug-motorcycles-6-510x510.jpg', 'https://www.dugdugmotorcycles.com/wp-content/uploads/2021/12/7-Inch-Butterfly-Design-LED-Round-Headlight-with-Turn-Signal-Indicator-for-Royal-Enfield-All-Models-dug-dug-motorcycles-5-510x510.jpg', 'https://www.dugdugmotorcycles.com/wp-content/uploads/2021/12/7-Inch-Butterfly-Design-LED-Round-Headlight-with-Turn-Signal-Indicator-for-Royal-Enfield-All-Models-dug-dug-motorcycles-4-510x510.jpg', 'https://www.dugdugmotorcycles.com/wp-content/uploads/2021/12/7-Inch-Butterfly-Design-LED-Round-Headlight-with-Turn-Signal-Indicator-for-Royal-Enfield-All-Models-dug-dug-motorcycles-3-510x510.jpg', 'https://www.dugdugmotorcycles.com/wp-content/uploads/2021/12/7-Inch-Butterfly-Design-LED-Round-Headlight-with-Turn-Signal-Indicator-for-Royal-Enfield-All-Models-dug-dug-motorcycles-1-510x510.jpg', 'https://www.dugdugmotorcycles.com/wp-content/uploads/2021/12/7-Inch-Butterfly-Design-LED-Round-Headlight-with-Turn-Signal-Indicator-for-Royal-Enfield-All-Models-dug-dug-motorcycles-7-510x510.jpg']",$154.97,-,-,-,-,-,-,-,,-,-,-,-,-,-,-,-,-,-,-
7 Inch 90W Round LED Headlight High Low Beam DRL for Royal Enfield All Models,"Weight
1.8 kg",-,DUGDUG-1206,-,-,-,-,-,-,-,-,"['https://www.dugdugmotorcycles.com/wp-content/uploads/2021/12/7-Inch-90W-Round-LED-Headlight-High-Low-Beam-DRL-for-Royal-Enfield-All-Models-dug-dug-Motorcycles-1-510x510.jpg', 'https://www.dugdugmotorcycles.com/wp-content/uploads/2021/12/7-Inch-90W-Round-LED-Headlight-High-Low-Beam-DRL-for-Royal-Enfield-All-Models-dug-dug-Motorcycles-6-510x510.jpg', 'https://www.dugdugmotorcycles.com/wp-content/uploads/2021/12/7-Inch-90W-Round-LED-Headlight-High-Low-Beam-DRL-for-Royal-Enfield-All-Models-dug-dug-Motorcycles-3-510x510.jpg', 'https://www.dugdugmotorcycles.com/wp-content/uploads/2021/12/7-Inch-90W-Round-LED-Headlight-High-Low-Beam-DRL-for-Royal-Enfield-All-Models-dug-dug-Motorcycles-2-510x510.jpg', 'https://www.dugdugmotorcycles.com/wp-content/uploads/2021/12/7-Inch-90W-Round-LED-Headlight-High-Low-Beam-DRL-for-Royal-Enfield-All-Models-dug-dug-Motorcycles-5-510x510.jpg', 'https://www.dugdugmotorcycles.com/wp-content/uploads/2021/12/7-Inch-90W-Round-LED-Headlight-High-Low-Beam-DRL-for-Royal-Enfield-All-Models-dug-dug-Motorcycles-4-510x510.jpg']","₹3,999.00",-,-,-,-,-,-,-,"₹2,500.00",-,-,-,-,-,-,-,-,-,-,-
7 Inch Minus Full Ring 90w Headlight for Royal Enfield All Models,"Weight
1.8 kg",-,DUGDUG-1200,-,-,-,-,-,-,-,-,"['https://www.dugdugmotorcycles.com/wp-content/uploads/2021/12/7-inch-Full-Ring-Minus-90w-Headlight-for-royal-enfield-classic-standard-electra-thunderbird-interceptor-3.jpg', 'https://www.dugdugmotorcycles.com/wp-content/uploads/2021/12/7-inch-Full-Ring-Minus-90w-Headlight-for-royal-enfield-classic-standard-electra-thunderbird-interceptor-2.jpg', 'https://www.dugdugmotorcycles.com/wp-content/uploads/2021/12/7-inch-Full-Ring-Minus-90w-Headlight-for-royal-enfield-classic-standard-electra-thunderbird-interceptor-1-510x907.jpg']","₹3,999.00",-,-,-,-,-,-,-,"₹2,500.00",-,-,-,-,-,-,-,-,-,-,-
7 Inch Minus LED Headlight 110w for Royal Enfield All Models,"Weight
1.8 kg",-,DUGDUG-1199,-,-,-,-,-,-,-,-,"['https://www.dugdugmotorcycles.com/wp-content/uploads/2021/12/7-Inch-Minus-LED-Headlight-110w-for-Royal-Enfield-All-Models-1_001-510x510.jpg', 'https://www.dugdugmotorcycles.com/wp-content/uploads/2021/12/7-Inch-Minus-LED-Headlight-110w-for-Royal-Enfield-All-Models_001-510x510.jpg', 'https://www.dugdugmotorcycles.com/wp-content/uploads/2021/12/7-Inch-Minus-LED-Headlight-110w-for-Royal-Enfield-All-Models-3-510x510.jpg', 'https://www.dugdugmotorcycles.com/wp-content/uploads/2021/12/7-Inch-Minus-LED-Headlight-110w-for-Royal-Enfield-All-Models-2-510x510.jpg', 'https://www.dugdugmotorcycles.com/wp-content/uploads/2021/12/7-Inch-Minus-LED-Headlight-110w-for-Royal-Enfield-All-Models-4-510x510.jpg']","₹4,999.00",-,-,-,-,-,-,-,"₹2,500.00",-,-,-,-,-,-,-,-,-,-,-
"New Skull 7 Inch 90 watts LED Headlight for Royal Enfield Classic, Standard, Electra Models","Weight
1.5 kg",-,DUGDUG-880,-,-,-,-,-,-,-,-,"['https://www.dugdugmotorcycles.com/wp-content/uploads/2020/10/Skull-Headlight-for-royal-enfield-all-models-90w_001-510x510.jpg', 'https://www.dugdugmotorcycles.com/wp-content/uploads/2020/10/New-Skull-LED-Headlight-for-royal-enfield-classic-standard-electra-all-models-90-watts-1-510x549.jpg', 'https://www.dugdugmotorcycles.com/wp-content/uploads/2020/10/New-Skull-LED-Headlight-for-royal-enfield-classic-standard-electra-all-models-90-watts-4-510x515.jpg', 'https://www.dugdugmotorcycles.com/wp-content/uploads/2020/10/New-Skull-LED-Headlight-for-royal-enfield-classic-standard-electra-all-models-90-watts-3-510x540.jpg', 'https://www.dugdugmotorcycles.com/wp-content/uploads/2020/10/New-Skull-LED-Headlight-for-royal-enfield-classic-standard-electra-all-models-90-watts-2-510x518.jpg']",$123.97,-,-,-,-,-,-,-,,-,-,-,-,-,-,-,-,-,-,-
"New Khanda 7 Inch 90 watts LED Headlight for Royal Enfield Classic, Standard, Electra Models","Weight
1.5 kg",-,DUGDUG-879,-,-,-,-,-,-,-,-,"['https://www.dugdugmotorcycles.com/wp-content/uploads/2020/10/royal-enfield-7-inch-led-headlight-for-classic-standard-electra-dug-dug-motorcycles-2-510x510.jpg', 'https://www.dugdugmotorcycles.com/wp-content/uploads/2020/10/Sikh-Khanda-Symbol-led-headlight-90watts-royal-enfield-classic-standard-electra-1-510x458.jpg', 'https://www.dugdugmotorcycles.com/wp-content/uploads/2020/10/Sikh-Khanda-Symbol-led-headlight-90watts-royal-enfield-classic-standard-electra-2-510x443.jpg']","₹3,999.00",-,-,-,-,-,-,-,"₹2,200.00",-,-,-,-,-,-,-,-,-,-,-
New 7 Inch Full Ring LED Headlight for Royal Enfield,"Weight
1.5 kg",-,DUGDUG-539,-,-,-,-,-,-,-,-,['https://www.dugdugmotorcycles.com/wp-content/uploads/2019/12/IMG-20191210-WA0023-scaled-510x638.jpg'],$108.50,-,-,-,-,-,-,-,,-,-,-,-,-,-,-,-,-,-,-
New 7 Inch Full Ring LED Headlight Tri DRL for Royal Enfield,"Weight
1.5 kg",-,DUGDUG-537,-,-,-,-,-,-,-,-,['https://www.dugdugmotorcycles.com/wp-content/uploads/2019/12/bfb4ce3ff4ef49e573bb1db3ee2a717e-scaled-510x907.jpg'],"₹3,500.00",-,-,-,-,-,-,-,"₹2,990.00",-,-,-,-,-,-,-,-,-,-,-
New 7 Inch Full Ring LED Headlight for Royal Enfield,"Weight
1.5 kg",-,DUGDUG-509,-,-,-,-,-,-,-,-,['https://www.dugdugmotorcycles.com/wp-content/uploads/2019/12/a9e13eeeda2b5a1a427a040efceb0af9-scaled-510x907.jpg'],$108.50,-,-,-,-,-,-,-,,-,-,-,-,-,-,-,-,-,-,-
7 Inch Full Ring LED Headlight 90 Watts for Royal Enfield,"Weight
1.5 kg",-,DUGDUG-210,-,-,-,-,-,-,-,-,['https://www.dugdugmotorcycles.com/wp-content/uploads/2019/10/1133740958-scaled-510x510.jpg'],"₹2,350.00",-,-,-,-,-,-,-,"₹2,350.00",-,-,-,-,-,-,-,-,-,-,-
HJG Two Way Alarm Motorcycle Security Remote Control Engine Start Vibration Alarm Lock System,"Weight
0.45 kg",-,DUGDUG-1181,-,-,-,-,-,-,-,-,"['https://www.dugdugmotorcycles.com/wp-content/uploads/2021/10/HJG-Two-Way-Alarm-Motorcycle-Scooter-Security-2-Way-Alarm-Remote-Control-Engine-Start-Vibration-Alarm-Lock-System-main-2-510x510.jpg', 'https://www.dugdugmotorcycles.com/wp-content/uploads/2021/10/HJG-Two-Way-Alarm-Motorcycle-Scooter-Security-2-Way-Alarm-Remote-Control-Engine-Start-Vibration-Alarm-Lock-System-main-0-510x510.jpg', 'https://www.dugdugmotorcycles.com/wp-content/uploads/2021/10/HJG-Two-Way-Alarm-Motorcycle-Scooter-Security-2-Way-Alarm-Remote-Control-Engine-Start-Vibration-Alarm-Lock-System-main-3-510x550.jpg', 'https://www.dugdugmotorcycles.com/wp-content/uploads/2021/10/HJG-Two-Way-Alarm-Motorcycle-Scooter-Security-2-Way-Alarm-Remote-Control-Engine-Start-Vibration-Alarm-Lock-System-main-1-510x510.jpg']",$61.97,-,-,-,-,-,-,-,,-,-,-,-,-,-,-,-,-,-,-
HJG Triple Shot 60w LED Dual Intensity Fog Light with Dual Button Wiring Harness White Amber,"Weight
2.0 kg",-,DUGDUG-1352,-,-,-,-,-,-,-,-,"['https://www.dugdugmotorcycles.com/wp-content/uploads/2022/03/Dug-Dug-HJG-Triple-Shot-60w-dual-intensity-with-wiring-harness-1-510x230.jpg', 'https://www.dugdugmotorcycles.com/wp-content/uploads/2022/03/Dug-Dug-HJG-Triple-Shot-60w-dual-intensity-with-wiring-harness-4-510x230.jpg', 'https://www.dugdugmotorcycles.com/wp-content/uploads/2022/03/Dug-Dug-HJG-Triple-Shot-60w-dual-intensity-with-wiring-harness-3-510x230.jpg', 'https://www.dugdugmotorcycles.com/wp-content/uploads/2022/03/Dug-Dug-HJG-Triple-Shot-60w-dual-intensity-with-wiring-harness-2-510x230.jpg', 'https://www.dugdugmotorcycles.com/wp-content/uploads/2022/03/Dug-Dug-HJG-Triple-Shot-60w-dual-intensity-with-wiring-harness-5-510x230.jpg']","₹9,999.00",-,-,-,-,-,-,-,"₹5,500.00",-,-,-,-,-,-,-,-,-,-,-
HJG Double Shot 40w LED Fog Light with Dual Button Wiring Harness White Amber,"Weight
2.0 kg",-,DUGDUG-1351,-,-,-,-,-,-,-,-,"['https://www.dugdugmotorcycles.com/wp-content/uploads/2022/03/Dug-Dug-HJG-Dual-LED-Fog-Light-with-wiring-harness-dual-intensity-white-yellow-1-510x516.jpg', 'https://www.dugdugmotorcycles.com/wp-content/uploads/2022/03/Dug-Dug-HJG-Dual-LED-Fog-Light-with-wiring-harness-dual-intensity-white-yellow-2-510x858.jpg', 'https://www.dugdugmotorcycles.com/wp-content/uploads/2022/03/Dug-Dug-HJG-Dual-LED-Fog-Light-with-wiring-harness-dual-intensity-white-yellow-4-510x719.jpg', 'https://www.dugdugmotorcycles.com/wp-content/uploads/2022/03/Dug-Dug-HJG-Dual-LED-Fog-Light-with-wiring-harness-dual-intensity-white-yellow-3-510x703.jpg', 'https://www.dugdugmotorcycles.com/wp-content/uploads/2022/03/Dug-Dug-HJG-Dual-LED-Fog-Light-with-wiring-harness-dual-intensity-white-yellow-5-510x732.jpg']","₹9,999.00",-,-,-,-,-,-,-,"₹5,500.00",-,-,-,-,-,-,-,-,-,-,-
4 LED CREE Fog Light Auxiliary Light for all Motorcycles with Wiring Harness – 1 Year Warranty,"Description




4 LED CREE Fog Light Auxiliary Light for all Motorcycles with Wiring Harness – 1 Year Warranty
 
-Super and bright light.
-4D PC LEN spot light,more clearer to see the object.
-Durable and efficient.
-Suitable for ATV SUV Truck Car Motorcycle etc.
-Waterproof, dustproof, anti-explosion.
-Come with good bracket.
Housing Color: Black
Housing Material: Aluminum
LENS Material: PC
Operating Voltage: 10-30V DC
Power: 60W (15W/LED Bulb)
LED Quantity: 4 LED
Lumens : 8000 LM
Beam:Spot Beam (30 degree)
Color temperature:6500K  or 3000K
Lifespan: up to 30,000 hours
Operating Environment:-40 to +80 centigrade
Waterproof Rate:IP68
Cable Length: about 26cm / 10 inch
Type of Light Source: LED
Whether with Lens: Included
 
Advantage
Each LED pod light bar has 4 pieces high intensity 10W Cree LED chips producing 6500K white color, 60W high power and 4400 Lumens super bright spot beam for front fog light, headlight, work light, daytime running light (DRL), driving light and rear reverse backup light.
IP 68 Rating: Heavy duty metal housing is 100% waterproof even in the extreme weather.
Black painted heavy-duty diecast aluminum housing, stainless steel adjustable mounting bracket and shatterproof Polycarbonate lenses with IP68 waterproof, durable to withstand any harsh condition. Great performance of waterproof, dustproof, shockproof and anti-corrosion in extreme weather condition.
Commonly used for Off-Road, DJI 4×4, Jeep, TJ, JK, XJ, YJ, Cherokee, Wrangler, GMC, Sierra, ATV, UTV, Yitamotor, Polaris Ranger, Toyota, 4 Runner, Tacoma, , Truck, Dodge, Ram 1500/2500/3500, Ford, F150, F250, F350, Chevy, Tahoe, Silverado, Hummer H2 H3, Yamaha Viking, Ranger, Golf Cart, Trailer, Motorcycle, Marine, Boat, Tractor, Wagon, Tow Truck, etc
Bracket adjustable mounting with wide operating voltage range DC 9-32V can fit different Fog Light Mount, A-pillar Mount, Daytime Running Light (DRL) Mount, Driving Light Mount, Bumper Mount, Grill Mount, Windshield Mount, Roof Mount, Hood Mount, Trailer Mount, Hitch Reverse Backup Mount
Application
Engineering vehicles: Motorcycles, excavator, road roller, bulldozer, crane, fork lift and mining truck etc.
Specialized vehicles: fire engine, police car, rescue vehicle, communication vehicle, military command vehicle etc.
Off-Road vehicles: UTV, sand rail, buggy, ATV, SUV, truck, train, motorbike, bus, tank, etc.
Others: boat, fishing, courtyard lamp, yacht, road/street lamp, etc.
Note
LED light including rated power and actual power. The rated power is based on the lamp voltage and current, count to the theoretical value. But for practical application, the current can not be full loaded operation, and some power dissipationLED can be driven at its full capacity doesn’t mean there is benefit in doing so. For example, a 3W LED can be driven at 3W, a 5W LED can be driven at 5W, etc. Driving an LED at maximum power generates higher temperature, which decreases lifespan. A balance between LED wattage and the lights; other components, such as the heatsink, allow for maximum operating efficiency and light output, while prolonging life expectancy.
In some states/provinces off-road uses are also prohibited.
The manufacturer and retailer assume no responsibility for any use or application of this product in violation of any applicable law.
Before installing this product, please check your state/provincial and local/municipal laws and regulations.








Weight
1.8 kg",-,DUGDUG-942,-,-,-,-,-,-,-,-,"['https://www.dugdugmotorcycles.com/wp-content/uploads/2020/12/dug-dug-4-led-cree-fog-light-with-wiring-harness-510x510.jpg', 'https://www.dugdugmotorcycles.com/wp-content/uploads/2020/12/dug-dug-4-led-cree-fog-light-for-bikes-7-510x445.jpg', 'https://www.dugdugmotorcycles.com/wp-content/uploads/2020/12/dug-dug-4-led-cree-fog-light-for-bikes-6-510x468.jpg', 'https://www.dugdugmotorcycles.com/wp-content/uploads/2020/12/dug-dug-4-led-cree-fog-light-for-bikes-5-510x488.jpg', 'https://www.dugdugmotorcycles.com/wp-content/uploads/2020/12/dug-dug-4-led-cree-fog-light-for-bikes-4-510x482.jpg', 'https://www.dugdugmotorcycles.com/wp-content/uploads/2020/12/dug-dug-4-led-cree-fog-light-for-bikes-3-510x445.jpg', 'https://www.dugdugmotorcycles.com/wp-content/uploads/2020/12/dug-dug-4-led-cree-fog-light-for-bikes-2-510x445.jpg', 'https://www.dugdugmotorcycles.com/wp-content/uploads/2020/12/dug-dug-4-led-cree-fog-light-for-bikes-1-510x451.jpg', 'https://www.dugdugmotorcycles.com/wp-content/uploads/2020/10/Dug-Dug-Fog-Light-Wiring-Harness-auxiliary-light-flashing-kit-7-510x383.jpg', 'https://www.dugdugmotorcycles.com/wp-content/uploads/2020/10/Dug-Dug-Fog-Light-Wiring-Harness-auxiliary-light-flashing-kit-6-510x383.jpg', 'https://www.dugdugmotorcycles.com/wp-content/uploads/2020/10/Dug-Dug-Fog-Light-Wiring-Harness-auxiliary-light-flashing-kit-5-510x383.jpg']","₹6,499.00",-,-,-,-,-,-,-,"₹4,500.00",-,-,-,-,-,-,-,-,-,-,-
Dug Dug Fog Light Auxiliary Light Wiring Harness Kit Flashing Light Kit for All Fog Light Motorcycles,"Weight
0.6 kg",-,DUGDUG-910,-,-,-,-,-,-,-,-,"['https://www.dugdugmotorcycles.com/wp-content/uploads/2020/10/Dug-Dug-Fog-Light-Wiring-Harness-auxiliary-light-flashing-kit-2-1-510x510.jpg', 'https://www.dugdugmotorcycles.com/wp-content/uploads/2020/10/Dug-Dug-Fog-Light-Wiring-Harness-auxiliary-light-flashing-kit-1-1-510x510.jpg', 'https://www.dugdugmotorcycles.com/wp-content/uploads/2020/10/Dug-Dug-Fog-Light-Wiring-Harness-auxiliary-light-flashing-kit-4-1-510x510.jpg', 'https://www.dugdugmotorcycles.com/wp-content/uploads/2020/10/Dug-Dug-Fog-Light-Wiring-Harness-auxiliary-light-flashing-kit-7-510x383.jpg', 'https://www.dugdugmotorcycles.com/wp-content/uploads/2020/10/Dug-Dug-Fog-Light-Wiring-Harness-auxiliary-light-flashing-kit-6-510x383.jpg', 'https://www.dugdugmotorcycles.com/wp-content/uploads/2020/10/Dug-Dug-Fog-Light-Wiring-Harness-auxiliary-light-flashing-kit-5-510x383.jpg']","₹1,999.00",-,-,-,-,-,-,-,"₹1,299.00",-,-,-,-,-,-,-,-,-,-,-
HJG Mini Driving LED Fog Light Red Devil Eye Dual Intensity White Yellow Flashing Pattern – 20w,"Weight
0.5 kg",-,DUGDUG-1654,-,-,-,-,-,-,-,-,"['https://www.dugdugmotorcycles.com/wp-content/uploads/2023/09/HJG-Mini-Driving-Devil-Eye-Fog-Light-Dual-Intensity-White-Yellow-Flashing-Pattern-3-510x510.webp', 'https://www.dugdugmotorcycles.com/wp-content/uploads/2023/09/HJG-Mini-Driving-Devil-Eye-Fog-Light-Dual-Intensity-White-Yellow-Flashing-Pattern-2-510x510.webp', 'https://www.dugdugmotorcycles.com/wp-content/uploads/2023/09/HJG-Mini-Driving-Devil-Eye-Fog-Light-Dual-Intensity-White-Yellow-Flashing-Pattern-6-510x510.webp', 'https://www.dugdugmotorcycles.com/wp-content/uploads/2023/09/HJG-Mini-Driving-Devil-Eye-Fog-Light-Dual-Intensity-White-Yellow-Flashing-Pattern-5-510x510.webp']","₹1,999.00",-,-,-,-,-,-,-,"₹1,550.00",-,-,-,-,-,-,-,-,-,-,-
HJG 4 Lens LED Fog Light Red Devil Eye Dual Intensity White Yellow Flashing Pattern,"Weight
0.5 kg",-,DUGDUG-1653,-,-,-,-,-,-,-,-,"['https://www.dugdugmotorcycles.com/wp-content/uploads/2023/09/HJG-4-LED-Fog-Light-Dual-Intensity-White-Yellow-Flashing-Pattern-Red-Devil-Eye-1-510x510.webp', 'https://www.dugdugmotorcycles.com/wp-content/uploads/2023/09/HJG-4-LED-Fog-Light-Dual-Intensity-White-Yellow-Flashing-Pattern-Red-Devil-Eye-2-510x510.webp', 'https://www.dugdugmotorcycles.com/wp-content/uploads/2023/09/HJG-4-LED-Fog-Light-Dual-Intensity-White-Yellow-Flashing-Pattern-Red-Devil-Eye-4-510x510.webp', 'https://www.dugdugmotorcycles.com/wp-content/uploads/2023/09/HJG-4-LED-Fog-Light-Dual-Intensity-White-Yellow-Flashing-Pattern-Red-Devil-Eye-3-510x510.webp']",$61.97,-,-,-,-,-,-,-,,-,-,-,-,-,-,-,-,-,-,-
HJG 4 LED Owl Fog Light Devil Eye Dual Intensity White Yellow Flashing Pattern,"Weight
0.05 kg",-,DUGDUG-1652,-,-,-,-,-,-,-,-,"['https://www.dugdugmotorcycles.com/wp-content/uploads/2023/09/HJG-4-LED-Owl-Fog-Light-Dual-Intensity-White-Yellow-Flashing-Pattern-Red-Devil-Eye-1-510x510.webp', 'https://www.dugdugmotorcycles.com/wp-content/uploads/2023/09/HJG-4-LED-Owl-Fog-Light-Dual-Intensity-White-Yellow-Flashing-Pattern-Red-Devil-Eye-7-510x510.webp', 'https://www.dugdugmotorcycles.com/wp-content/uploads/2023/09/HJG-4-LED-Owl-Fog-Light-Dual-Intensity-White-Yellow-Flashing-Pattern-Red-Devil-Eye-6-510x510.webp', 'https://www.dugdugmotorcycles.com/wp-content/uploads/2023/09/HJG-4-LED-Owl-Fog-Light-Dual-Intensity-White-Yellow-Flashing-Pattern-Red-Devil-Eye-5-510x510.webp', 'https://www.dugdugmotorcycles.com/wp-content/uploads/2023/09/HJG-4-LED-Owl-Fog-Light-Dual-Intensity-White-Yellow-Flashing-Pattern-Red-Devil-Eye-4-510x510.webp', 'https://www.dugdugmotorcycles.com/wp-content/uploads/2023/09/HJG-4-LED-Owl-Fog-Light-Dual-Intensity-White-Yellow-Flashing-Pattern-Red-Devil-Eye-3-510x510.webp', 'https://www.dugdugmotorcycles.com/wp-content/uploads/2023/09/HJG-4-LED-Owl-Fog-Light-Dual-Intensity-White-Yellow-Flashing-Pattern-Red-Devil-Eye-2-510x510.webp']","₹1,999.00",-,-,-,-,-,-,-,"₹1,350.00",-,-,-,-,-,-,-,-,-,-,-
HJG Owl Fog Light Dual Intensity White Yellow Flashing Pattern 40w,"Weight
0.5 kg",-,DUGDUG-1651,-,-,-,-,-,-,-,-,['https://www.dugdugmotorcycles.com/wp-content/uploads/2023/09/HJG-Owl-Fog-Light-Dual-Intensity-White-Yellow-Flashing-Pattern-40w-510x844.webp'],"₹1,999.00",-,-,-,-,-,-,-,₹850.00,-,-,-,-,-,-,-,-,-,-,-
HJG Fog Light Clamps for Leg Guards Crash Guards without Rope,"Weight
1.0 kg",-,DUGDUG-1443,-,-,-,-,-,-,-,-,['https://www.dugdugmotorcycles.com/wp-content/uploads/2022/08/IMG-20220828-WA0068-510x907.jpg'],₹999.00,-,-,-,-,-,-,-,₹499.00,-,-,-,-,-,-,-,-,-,-,-
HJG 40w Owl Fog Light Dual Intensity White Yellow,"Weight
1.0 kg",-,DUGDUG-1375,-,-,-,-,-,-,-,-,"['https://www.dugdugmotorcycles.com/wp-content/uploads/2022/03/HJG-Owl-LED-Fog-Light-40w-dual-intensity-white-yellow-1-510x510.jpg', 'https://www.dugdugmotorcycles.com/wp-content/uploads/2022/03/HJG-Owl-LED-Fog-Light-40w-dual-intensity-white-yellow-2-510x510.jpg', 'https://www.dugdugmotorcycles.com/wp-content/uploads/2022/03/HJG-Owl-LED-Fog-Light-40w-dual-intensity-white-yellow-4-510x510.jpg', 'https://www.dugdugmotorcycles.com/wp-content/uploads/2022/03/HJG-Owl-LED-Fog-Light-40w-dual-intensity-white-yellow-3-510x510.jpg', 'https://www.dugdugmotorcycles.com/wp-content/uploads/2022/03/HJG-Owl-LED-Fog-Light-40w-dual-intensity-white-yellow-5-510x510.jpg']","₹3,999.00",-,-,-,-,-,-,-,"₹1,450.00",-,-,-,-,-,-,-,-,-,-,-
HJG Triple Shot 60w LED Dual Intensity Fog Light with Dual Button Wiring Harness White Amber,"Weight
2.0 kg",-,DUGDUG-1352,-,-,-,-,-,-,-,-,"['https://www.dugdugmotorcycles.com/wp-content/uploads/2022/03/Dug-Dug-HJG-Triple-Shot-60w-dual-intensity-with-wiring-harness-1-510x230.jpg', 'https://www.dugdugmotorcycles.com/wp-content/uploads/2022/03/Dug-Dug-HJG-Triple-Shot-60w-dual-intensity-with-wiring-harness-4-510x230.jpg', 'https://www.dugdugmotorcycles.com/wp-content/uploads/2022/03/Dug-Dug-HJG-Triple-Shot-60w-dual-intensity-with-wiring-harness-3-510x230.jpg', 'https://www.dugdugmotorcycles.com/wp-content/uploads/2022/03/Dug-Dug-HJG-Triple-Shot-60w-dual-intensity-with-wiring-harness-2-510x230.jpg', 'https://www.dugdugmotorcycles.com/wp-content/uploads/2022/03/Dug-Dug-HJG-Triple-Shot-60w-dual-intensity-with-wiring-harness-5-510x230.jpg']","₹9,999.00",-,-,-,-,-,-,-,"₹5,500.00",-,-,-,-,-,-,-,-,-,-,-
HJG Double Shot 40w LED Fog Light with Dual Button Wiring Harness White Amber,"Weight
2.0 kg",-,DUGDUG-1351,-,-,-,-,-,-,-,-,"['https://www.dugdugmotorcycles.com/wp-content/uploads/2022/03/Dug-Dug-HJG-Dual-LED-Fog-Light-with-wiring-harness-dual-intensity-white-yellow-1-510x516.jpg', 'https://www.dugdugmotorcycles.com/wp-content/uploads/2022/03/Dug-Dug-HJG-Dual-LED-Fog-Light-with-wiring-harness-dual-intensity-white-yellow-2-510x858.jpg', 'https://www.dugdugmotorcycles.com/wp-content/uploads/2022/03/Dug-Dug-HJG-Dual-LED-Fog-Light-with-wiring-harness-dual-intensity-white-yellow-4-510x719.jpg', 'https://www.dugdugmotorcycles.com/wp-content/uploads/2022/03/Dug-Dug-HJG-Dual-LED-Fog-Light-with-wiring-harness-dual-intensity-white-yellow-3-510x703.jpg', 'https://www.dugdugmotorcycles.com/wp-content/uploads/2022/03/Dug-Dug-HJG-Dual-LED-Fog-Light-with-wiring-harness-dual-intensity-white-yellow-5-510x732.jpg']","₹9,999.00",-,-,-,-,-,-,-,"₹5,500.00",-,-,-,-,-,-,-,-,-,-,-
HJG Double Shot 40w Dual Intensity White and Yellow LED Fog Lights Type 2,"Weight
1.0 kg",-,DUGDUG-1350,-,-,-,-,-,-,-,-,"['https://www.dugdugmotorcycles.com/wp-content/uploads/2022/03/dug-dug-HJG-Double-Shot-Type-2-40w-dual-intensity-white-yellow-2-510x510.jpg', 'https://www.dugdugmotorcycles.com/wp-content/uploads/2022/03/dug-dug-HJG-Double-Shot-Type-2-40w-dual-intensity-white-yellow-4-510x510.jpg', 'https://www.dugdugmotorcycles.com/wp-content/uploads/2022/03/dug-dug-HJG-Double-Shot-Type-2-40w-dual-intensity-white-yellow-3-510x510.jpg', 'https://www.dugdugmotorcycles.com/wp-content/uploads/2022/03/dug-dug-HJG-Double-Shot-Type-2-40w-dual-intensity-white-yellow-1-510x510.jpg']","₹3,999.00",-,-,-,-,-,-,-,"₹1,650.00",-,-,-,-,-,-,-,-,-,-,-
