Product name,Description,Slug,SKU,Auto Generate SKU,Categories,Status,Is featured?,Brand,Product collections,Labels,Taxes,Images,Price,Product attributes,Import type,Is variation default?,Stock status,With storehouse management,Quantity,Allow checkout when out of stock,Sale price,Start date sale price,End date sale price,Weight,Length,Wide,Height,Cost per item,Barcode,Content,Tags,Vendor
"Universal 5L Petrol Jerry Can for Motorcycle, Thar with Lock System – Grey – 1pc","Specification:
Type: Jerry Can
Material: Polyethylene
Applications: Fit for Motorcycle 4X4 ATV UTV All Vehicles, Motorcycles, Offroad
Features: Cans Tank, anti-static, high toughness, oil resistant, anti-corrosion, anti-static, anti-UV, motorcycle accessories
Color: Red
Quantity: 1 Pc




Weight
1.5 kg",-,DUGDUG-1602,-,-,-,-,-,-,-,-,['https://www.dugdugmotorcycles.com/wp-content/uploads/2023/05/jerry-can-with-lock-for-royal-enfield-himalayan-all-bikes-dug-dgu-motorcycles-3-510x510.jpg'],"₹5,500.00",-,-,-,-,-,-,-,"₹2,100.00",-,-,-,-,-,-,-,-,-,-,-
"Universal 5L Petrol Jerry Can for Motorcycle, Thar with Lock System – Black – 1pc","Specification:
Type: Jerry Can
Material: Polyethylene
Applications: Fit for Motorcycle 4X4 ATV UTV All Vehicles, Motorcycles, Offroad
Features: Cans Tank, anti-static, high toughness, oil resistant, anti-corrosion, anti-static, anti-UV, motorcycle accessories
Color: Red
Quantity: 1 Pc




Weight
2.0 kg",-,DUGDUG-1463,-,-,-,-,-,-,-,-,"['https://www.dugdugmotorcycles.com/wp-content/uploads/2023/05/jerry-can-with-lock-for-royal-enfield-himalayan-all-bikes-dug-dgu-motorcycles-2-510x510.jpg', 'https://www.dugdugmotorcycles.com/wp-content/uploads/2022/09/deaba4db69254372b9a9abd0c59fd929-510x230.jpg']","₹5,500.00",-,-,-,-,-,-,-,"₹2,100.00",-,-,-,-,-,-,-,-,-,-,-
