Product name,Description,Slug,SKU,Auto Generate SKU,Categories,Status,Is featured?,Brand,Product collections,Labels,Taxes,Images,Price,Product attributes,Import type,Is variation default?,Stock status,With storehouse management,Quantity,Allow checkout when out of stock,Sale price,Start date sale price,End date sale price,Weight,Length,Wide,Height,Cost per item,Barcode,Content,Tags,Vendor
Classic 350 Reborn K Indori with 3 Baffles Dug Dug Sound,"Weight
4.0 kg",-,DUGDUG-1650,-,-,-,-,-,-,-,-,"['https://www.dugdugmotorcycles.com/wp-content/uploads/2023/09/Classic-350-Reborn-K-Indori-with-3-Baffles-Dug-Dug-Sound-2-510x680.webp', 'https://www.dugdugmotorcycles.com/wp-content/uploads/2023/09/Classic-350-Reborn-K-Indori-with-3-Baffles-Dug-Dug-Sound-3-510x680.webp', 'https://www.dugdugmotorcycles.com/wp-content/uploads/2023/09/Classic-350-Reborn-K-Indori-with-3-Baffles-Dug-Dug-Sound-1-510x680.webp', 'https://www.dugdugmotorcycles.com/wp-content/uploads/2023/09/Classic-350-Reborn-K-Indori-with-3-Baffles-Dug-Dug-Sound-6-jpg.webp', 'https://www.dugdugmotorcycles.com/wp-content/uploads/2023/09/Classic-350-Reborn-K-Indori-with-3-Baffles-Dug-Dug-Sound-5-510x493.webp', 'https://www.dugdugmotorcycles.com/wp-content/uploads/2023/09/Classic-350-Reborn-K-Indori-with-3-Baffles-Dug-Dug-Sound-4-510x471.webp']","₹4,999.00",-,-,-,-,-,-,-,"₹2,250.00",-,-,-,-,-,-,-,-,-,-,-
K-Indori Exhaust with 3 Baffles Heat Shield for Royal Enfield Hunter 350 – Black,"Weight
3.5 kg",-,DUGDUG-1564,-,-,-,-,-,-,-,-,['https://www.dugdugmotorcycles.com/wp-content/uploads/2023/03/K-Indori-Exhaust-with-3-Baffles-for-Royal-Enfield-Hunter-350-510x506.jpg'],"₹5,999.00",-,-,-,-,-,-,-,"₹2,350.00",-,-,-,-,-,-,-,-,-,-,-
Dug Dug Original K-Indori 3 Baffle Exhaust with Heat Plate for Royal Enfield Classic Standard Electra – Black,"Weight
3.5 kg",-,DUGDUG-1423,-,-,-,-,-,-,-,-,['https://www.dugdugmotorcycles.com/wp-content/uploads/2022/04/dug-dug-royal-enfield-classic-3-baffle-k-indori-exhaust-silencer-10-min.jpg'],"₹3,999.00",-,-,-,-,-,-,-,"₹2,350.00",-,-,-,-,-,-,-,-,-,-,-
Dug Dug Original K-Indori 3 Baffle Exhaust Big Mouth for Royal Enfield Classic Standard Electra – Chrome,"Weight
3.5 kg",-,DUGDUG-1422,-,-,-,-,-,-,-,-,"['https://www.dugdugmotorcycles.com/wp-content/uploads/2022/04/dug-dug-royal-enfield-classic-3-baffle-k-indori-exhaust-silencer-9-min.jpg', 'https://www.dugdugmotorcycles.com/wp-content/uploads/2022/10/dug-dug-k-indori-exhaust-for-royal-enfield-2-1-510x907.jpg', 'https://www.dugdugmotorcycles.com/wp-content/uploads/2022/10/dug-dug-k-indori-exhaust-for-royal-enfield-1-1-510x907.jpg', 'https://www.dugdugmotorcycles.com/wp-content/uploads/2022/10/dug-dug-k-indori-exhaust-for-royal-enfield-4-1-510x907.jpg', 'https://www.dugdugmotorcycles.com/wp-content/uploads/2022/10/dug-dug-k-indori-exhaust-for-royal-enfield-3-1-510x907.jpg']","₹3,999.00",-,-,-,-,-,-,-,"₹2,250.00",-,-,-,-,-,-,-,-,-,-,-
Dug Dug Original K-Indori 3 Baffle Exhaust Big Mouth for Royal Enfield Classic Standard Electra – Black,"Weight
3.5 kg",-,DUGDUG-1421,-,-,-,-,-,-,-,-,['https://www.dugdugmotorcycles.com/wp-content/uploads/2022/04/dug-dug-royal-enfield-classic-3-baffle-k-indori-exhaust-silencer-7-min.jpg'],"₹3,999.00",-,-,-,-,-,-,-,"₹2,350.00",-,-,-,-,-,-,-,-,-,-,-
Dug Dug Original K-Indori 3 Baffle Exhaust for Royal Enfield Classic Standard Electra – Chrome,"Weight
3.5 kg",-,DUGDUG-1420,-,-,-,-,-,-,-,-,['https://www.dugdugmotorcycles.com/wp-content/uploads/2022/04/dug-dug-royal-enfield-classic-3-baffle-k-indori-exhaust-silencer-6-min.jpg'],"₹3,999.00",-,-,-,-,-,-,-,"₹2,350.00",-,-,-,-,-,-,-,-,-,-,-
Dug Dug Original K-Indori 3 Baffle Exhaust for Royal Enfield Classic Standard Electra – Black,"Weight
3.5 kg",-,DUGDUG-1419,-,-,-,-,-,-,-,-,['https://www.dugdugmotorcycles.com/wp-content/uploads/2022/04/dug-dug-royal-enfield-classic-3-baffle-k-indori-exhaust-silencer-5-min.jpg'],"₹3,999.00",-,-,-,-,-,-,-,"₹2,350.00",-,-,-,-,-,-,-,-,-,-,-
Dug Dug Original K-Indori 3 Baffle Exhaust with Heat Plate for Royal Enfield Classic Standard Electra – Black,"Weight
3.5 kg",-,DUGDUG-1418,-,-,-,-,-,-,-,-,['https://www.dugdugmotorcycles.com/wp-content/uploads/2022/04/dug-dug-royal-enfield-classic-3-baffle-k-indori-exhaust-silencer-4-min.jpg'],"₹3,999.00",-,-,-,-,-,-,-,"₹2,350.00",-,-,-,-,-,-,-,-,-,-,-
Dug Dug Original K-Indori 3 Baffle Exhaust with Heat Plate for Royal Enfield Classic Standard Electra – Chrome,"Weight
3.5 kg",-,DUGDUG-1416,-,-,-,-,-,-,-,-,['https://www.dugdugmotorcycles.com/wp-content/uploads/2022/04/dug-dug-royal-enfield-classic-3-baffle-k-indori-exhaust-silencer-3-min-510x510.jpg'],"₹3,999.00",-,-,-,-,-,-,-,"₹2,350.00",-,-,-,-,-,-,-,-,-,-,-
Dug Dug Original K-Indori 3 Baffle Exhaust for Royal Enfield Classic Standard Electra – Chrome,"Weight
3.5 kg",-,DUGDUG-1417,-,-,-,-,-,-,-,-,"['https://www.dugdugmotorcycles.com/wp-content/uploads/2022/04/dug-dug-royal-enfield-classic-3-baffle-k-indori-exhaust-silencer-2-min-510x378.jpg', 'https://www.dugdugmotorcycles.com/wp-content/uploads/2022/04/dug-dug-royal-enfield-classic-3-baffle-k-indori-exhaust-silencer-13-min-510x378.jpg', 'https://www.dugdugmotorcycles.com/wp-content/uploads/2022/04/dug-dug-royal-enfield-classic-3-baffle-k-indori-exhaust-silencer-1-min-510x510.jpg']","₹3,999.00",-,-,-,-,-,-,-,"₹2,250.00",-,-,-,-,-,-,-,-,-,-,-
K-Indori Exhaust with 2 baffles for Royal Enfield BS3/BS4/BS6 Classic Standard Electra- Black,"K-Indori Chrome Exhaust Silencer Free Flow Features :- Looking for something different for your Royal Enfield then Dug Dug Exhaust Silencer is just what you are looking Completely Customized Exhaust exclusively for Royal Enfield Models.It has innovative and eye catching design Stunning Bike silencer for Royal Enfield of silver color giving attractive shine and enhancing appearance of your bike.steel material and its performance add in efficiency of your bike and its function. Its must add accessory to your bike. Its stylish looks and magnificient sound can easily attract people from far. It will help you in garner attention while riding. It will turn heads of people towards your bike and you. This chrome coated silencer is easy to install in your bike. It will make your ride worth it for sure & it comes with Clamp (Bush provided only for 2017 bs4-bs6 model engine)Package Contents:- Dug Dug K-Indori Exhaust with 2 baffles for Royal Enfield BS3/BS4/BS6 Classic Standard Electra Models For Royal Enfield All Models 350cc and 500cc models.




Weight
3.0 kg",-,DUGDUG-1321,-,-,-,-,-,-,-,-,['https://www.dugdugmotorcycles.com/wp-content/uploads/2022/02/dug-dug-2-baffle-indori-exhaust-for-royal-enfield-classic-standard-electra-bs3-bs4-bs6-black-510x510.jpg'],"₹2,999.00",-,-,-,-,-,-,-,"₹1,750.00",-,-,-,-,-,-,-,-,-,-,-
"Dug Dug K-Indori Exhaust with 3 baffles for Royal Enfield Classic, Standard, Electra BS3/BS4/BS6","K-Indori Chrome Exhaust Silencer Free Flow Features :- Looking for something different for your Royal Enfield then Dug Dug Exhaust Silencer is just what you are looking Completely Customized Exhaust exclusively for Royal Enfield Models.It has innovative and eye catching design Stunning Bike silencer for Royal Enfield of silver color giving attractive shine and enhancing appearance of your bike.steel material and its performance add in efficiency of your bike and its function. Its must add accessory to your bike. Its stylish looks and magnificient sound can easily attract people from far. It will help you in garner attention while riding. It will turn heads of people towards your bike and you. This chrome coated silencer is easy to install in your bike. It will make your ride worth it for sure & it comes with Clamp (Bush provided only for 2017 bs4-bs6 model engine)Package Contents:- Dug Dug WHEELCO K-Indori Exhaust with 3 baffles for Royal Enfield Classic, Standard, Electra BS3/BS4/BS6





Weight
3.5 kg",-,DUGDUG-941,-,-,-,-,-,-,-,-,"['https://www.dugdugmotorcycles.com/wp-content/uploads/2020/12/dug-dug-3-baffle-k-indore-for-royal-enfield-classic-standard-electra-1-510x447.jpg', 'https://www.dugdugmotorcycles.com/wp-content/uploads/2020/12/dug-dug-3-baffle-k-indore-for-royal-enfield-classic-standard-electra-2-510x445.jpg']","₹2,999.00",-,-,-,-,-,-,-,"₹1,999.00",-,-,-,-,-,-,-,-,-,-,-
"K-Indori Exhaust with CLASSIC Heat Plate for Royal Enfield Classic, Electra, Standard BS3/BS4/BS6","Weight
3.5 kg",-,DUGDUG-925,-,-,-,-,-,-,-,-,"['https://www.dugdugmotorcycles.com/wp-content/uploads/2020/11/Indori-Exhaust-with-heat-plate-for-Royal-Enfield-classic-standard-electra-bs3-bs4-bs6-1-510x466.jpg', 'https://www.dugdugmotorcycles.com/wp-content/uploads/2020/11/Indori-Exhaust-with-heat-plate-for-Royal-Enfield-classic-standard-electra-bs3-bs4-bs6-2-510x459.jpg', 'https://www.dugdugmotorcycles.com/wp-content/uploads/2020/11/Indori-Exhaust-with-heat-plate-for-Royal-Enfield-classic-standard-electra-bs3-bs4-bs6-3-510x440.jpg', 'https://www.dugdugmotorcycles.com/wp-content/uploads/2022/04/dug-dug-royal-enfield-classic-3-baffle-k-indori-exhaust-silencer-8-min.jpg', 'https://www.dugdugmotorcycles.com/wp-content/uploads/2022/04/dug-dug-royal-enfield-classic-3-baffle-k-indori-exhaust-silencer-11-min.jpg']","₹2,999.00",-,-,-,-,-,-,-,"₹2,250.00",-,-,-,-,-,-,-,-,-,-,-
K-Indori Exhaust with 2 baffles for Royal Enfield BS3/BS4/BS6 Classic Standard Electra Models,"K-Indori Chrome Exhaust Silencer Free Flow Features :- Looking for something different for your Royal Enfield then Dug Dug Exhaust Silencer is just what you are looking Completely Customized Exhaust exclusively for Royal Enfield Models.It has innovative and eye catching design Stunning Bike silencer for Royal Enfield of silver color giving attractive shine and enhancing appearance of your bike.steel material and its performance add in efficiency of your bike and its function. Its must add accessory to your bike. Its stylish looks and magnificient sound can easily attract people from far. It will help you in garner attention while riding. It will turn heads of people towards your bike and you. This chrome coated silencer is easy to install in your bike. It will make your ride worth it for sure & it comes with Clamp (Bush provided only for 2017 bs4-bs6 model engine)Package Contents:- Dug Dug K-Indori Exhaust with 2 baffles for Royal Enfield BS3/BS4/BS6 Classic Standard Electra Models For Royal Enfield All Models 350cc and 500cc models.




Weight
3.5 kg",-,DUGDUG-861,-,-,-,-,-,-,-,-,"['https://www.dugdugmotorcycles.com/wp-content/uploads/2020/09/Dug-Dug-Choti-Dholki-Mini-Punjab-1-510x309.jpg', 'https://www.dugdugmotorcycles.com/wp-content/uploads/2020/09/Dug-Dug-Choti-Dholki-Mini-Punjab-4.jpg']",$61.97,-,-,-,-,-,-,-,,-,-,-,-,-,-,-,-,-,-,-
K-Indori Bullet Heat Shield Silencer Exhaust for Royal Enfield Classic 350/500,"This model is compatible with all Royal Enfield ie. RE models. The inner material has Ceramic wool fitted which gives a bassy, thumping sound which is very dense and heavy giving a Royal Enfield rider a true feel. This masterpiece has 16+ mm iron gauge making it heavy and highly durable to stand heavy impacts without changing shape.
Silencers / exhaust / muffler system
For Royal Enfield Bullet Standard 350, Royal Enfield Bullet Standard 500, Royal Enfield Bullet Classic 350, Royal Enfield Bullet Classic 50, with all Royal Enfield, RE models
The inner material has Ceramic wool fitted which gives a bassy, thumping sound which is very dense and heavy giving a Royal Enfield rider a true feel




Weight
3.5 kg


Brand
Globe Auto Parts",-,DUGDUG-516,-,-,-,-,-,-,-,-,"['https://www.dugdugmotorcycles.com/wp-content/uploads/2019/12/Globe-Auto-Parts-Indore-Bullet-Heat-Shield-Silencer-Exhaust-for-Royal-Enfield-Classic-350500--0.jpg', 'https://www.dugdugmotorcycles.com/wp-content/uploads/2019/12/Globe-Auto-Parts-Indore-Bullet-Heat-Shield-Silencer-Exhaust-for-Royal-Enfield-Classic-350500--0.jpg']","₹3,499.00",-,-,-,-,-,-,-,"₹2,100.00",-,-,-,-,-,-,-,-,-,-,-
"K-Indori Exhaust with CLASSIC Heat Shield for Royal Enfield Classic 350/500, Standard, Electra","Globe auto parts stylish silencers / exhaust / muffler systems for royal enfield bullet standard 350, royal enfield bullet standard 500, royal enfield bullet classic 350, royal enfield bullet classic 500, royal enfield bullet classic desert storm, royal enfield bullet electra, royal enfield bullet thunderbird 350, royal enfield bullet thunderbird 500 is now available at a very low and reasonable price.
Silencers / exhaust / muffler system
For Royal Enfield Bullet Standard 350, Royal Enfield Bullet Standard 500, Royal Enfield Bullet Classic 350, Royal Enfield Bullet Classic 50
The inner material has Ceramic wool fitted which gives a bassy, thumping sound which is very dense and heavy giving a Royal Enfield rider a true feel




Weight
3.5 kg


Brand
Globe Auto Parts",-,DUGDUG-586,-,-,-,-,-,-,-,-,['https://www.dugdugmotorcycles.com/wp-content/uploads/2019/12/Generic-globe-auto-parts-indore-classic-heat-shield-silencers-exhaust-for-royal-enfield-classic-350500-0.jpg'],"₹3,999.00",-,-,-,-,-,-,-,"₹2,200.00",-,-,-,-,-,-,-,-,-,-,-
K-Indori Exhaust with baffles for Royal Enfield UCE All Models,"This model is compatible with all Royal Enfield ie. RE models. The inner material has Ceramic wool fitted which gives a bassy, thumping sound which is very dense and heavy giving a Royal Enfield rider a true feel. This masterpiece has 16+ mm iron gauge making it heavy and highly durable to stand heavy impacts without changing shape.




Weight
3.5 kg",-,DUGDUG-541,-,-,-,-,-,-,-,-,['https://www.dugdugmotorcycles.com/wp-content/uploads/2019/12/IMG-20191202-WA0003-scaled-510x510.jpg'],"₹2,299.00",-,-,-,-,-,-,-,"₹1,999.00",-,-,-,-,-,-,-,-,-,-,-
