Product name,Description,Slug,SKU,Auto Generate SKU,Categories,Status,Is featured?,Brand,Product collections,Labels,Taxes,Images,Price,Product attributes,Import type,Is variation default?,Stock status,With storehouse management,Quantity,Allow checkout when out of stock,Sale price,Start date sale price,End date sale price,Weight,Length,Wide,Height,Cost per item,Barcode,Content,Tags,Vendor
Self Defense Baseball Leg Guard with Rod for Royal Enfield Hunter 350,"Weight
3.5 kg",-,DUGDUG-1521,-,-,-,-,-,-,-,-,"['https://www.dugdugmotorcycles.com/wp-content/uploads/2022/11/dug-dug-royal-enfield-hunter-350-self-defense-baseball-crash-guard-510x842.jpg', 'https://www.dugdugmotorcycles.com/wp-content/uploads/2022/11/dug-dug-royal-enfield-self-defense-baseball-leg-guard-510x680.jpg']","₹1,999.00",-,-,-,-,-,-,-,"₹1,550.00",-,-,-,-,-,-,-,-,-,-,-
Royal Enfield Hunter 350 Self Defense Baseball Leg Guard,"Weight
3.5 kg",-,DUGDUG-1472,-,-,-,-,-,-,-,-,"['https://www.dugdugmotorcycles.com/wp-content/uploads/2022/09/IMG-20220906-WA0008-510x680.jpg', 'https://www.dugdugmotorcycles.com/wp-content/uploads/2022/10/dug-dug-self-defense-baseball-leg-guard-royal-enfield-hunter-350-510x907.jpg']","₹1,999.00",-,-,-,-,-,-,-,"₹1,600.00",-,-,-,-,-,-,-,-,-,-,-
Royal Enfield Hunter 350 Crash Guard Direct Fitting – Black,"Weight
3.0 kg",-,DUGDUG-1467,-,-,-,-,-,-,-,-,"['https://www.dugdugmotorcycles.com/wp-content/uploads/2023/10/royal-enfield-hunter-350-oem-type-crash-guard-3-510x510.webp', 'https://www.dugdugmotorcycles.com/wp-content/uploads/2023/10/royal-enfield-hunter-350-oem-type-crash-guard-4-510x510.webp', 'https://www.dugdugmotorcycles.com/wp-content/uploads/2023/10/royal-enfield-hunter-350-oem-type-crash-guard-2-510x510.webp', 'https://www.dugdugmotorcycles.com/wp-content/uploads/2023/10/royal-enfield-hunter-350-oem-type-crash-guard-1-510x510.webp', 'https://www.dugdugmotorcycles.com/wp-content/uploads/2023/10/royal-enfield-hunter-350-oem-type-crash-guard-5-510x510.webp']","₹3,999.00",-,-,-,-,-,-,-,"₹2,200.00",-,-,-,-,-,-,-,-,-,-,-
Crash Guard with Slider for Royal Enfield Hunter 350 Type 2,"Weight
5.0 kg",-,DUGDUG-1460,-,-,-,-,-,-,-,-,"['https://www.dugdugmotorcycles.com/wp-content/uploads/2022/09/d677ecb958f347c6b1887e5662a942ff-510x1124.jpg', 'https://www.dugdugmotorcycles.com/wp-content/uploads/2022/09/da1317e6fa7148cabe9f8fee53752193-510x1124.jpg', 'https://www.dugdugmotorcycles.com/wp-content/uploads/2022/09/e48f3f60df1a4871951c8bed1db6c9b5-510x1124.jpg']","₹5,500.00",-,-,-,-,-,-,-,"₹3,300.00",-,-,-,-,-,-,-,-,-,-,-
Crash Guard with Slider for Royal Enfield Hunter 350 Type 1,"Weight
4.5 kg",-,DUGDUG-1459,-,-,-,-,-,-,-,-,"['https://www.dugdugmotorcycles.com/wp-content/uploads/2022/09/IMG-20220918-WA0011-510x287.jpg', 'https://www.dugdugmotorcycles.com/wp-content/uploads/2022/12/crash-guard-with-slider-for-royal-enfield-hunter-350-type-1-510x650.jpg', 'https://www.dugdugmotorcycles.com/wp-content/uploads/2022/10/dug-dug-hunter-350-crash-guard--510x471.jpg']","₹4,999.00",-,-,-,-,-,-,-,"₹2,500.00",-,-,-,-,-,-,-,-,-,-,-
Airfly 3 Rod Crash Guard for Royal Enfield Hunter 350 – Stainless Steel,"Weight
4.5 kg",-,DUGDUG-1458,-,-,-,-,-,-,-,-,['https://www.dugdugmotorcycles.com/wp-content/uploads/2022/09/IMG-20220918-WA0004-510x255.jpg'],"₹4,999.00",-,-,-,-,-,-,-,"₹2,999.00",-,-,-,-,-,-,-,-,-,-,-
Airfly 3 Rod Crash Guard for Royal Enfield Hunter 350 – Black,"Weight
4.5 kg",-,DUGDUG-1457,-,-,-,-,-,-,-,-,['https://www.dugdugmotorcycles.com/wp-content/uploads/2022/09/IMG-20220918-WA0003-510x248.jpg'],"₹3,999.00",-,-,-,-,-,-,-,"₹2,500.00",-,-,-,-,-,-,-,-,-,-,-
New Airfly 3 Rod Crash Guard for Royal Enfield Hunter 350 – Black,"Weight
4.0 kg",-,DUGDUG-1434,-,-,-,-,-,-,-,-,['https://www.dugdugmotorcycles.com/wp-content/uploads/2022/08/IMG-20220828-WA0032-510x383.jpg'],"₹3,999.00",-,-,-,-,-,-,-,"₹2,500.00",-,-,-,-,-,-,-,-,-,-,-
EVO Crash Guard for Royal Enfield Hunter 350 – Stainless Steel,"Weight
4.0 kg",-,DUGDUG-1430,-,-,-,-,-,-,-,-,['https://www.dugdugmotorcycles.com/wp-content/uploads/2022/08/IMG-20220828-WA0008-510x477.jpg'],"₹3,999.00",-,-,-,-,-,-,-,"₹2,999.00",-,-,-,-,-,-,-,-,-,-,-
Dug Dug Self Defense Leg Guard Crash Guard Single Rod for Hero Splendor,"Weight
3.5 kg",-,DUGDUG-1367,-,-,-,-,-,-,-,-,"['https://www.dugdugmotorcycles.com/wp-content/uploads/2022/03/dug-dug-splendor-self-defense-rod-leg-guard-2-510x510.jpg', 'https://www.dugdugmotorcycles.com/wp-content/uploads/2022/03/dug-dug-splendor-self-defense-rod-leg-guard-6-510x510.jpg', 'https://www.dugdugmotorcycles.com/wp-content/uploads/2022/03/dug-dug-splendor-self-defense-rod-leg-guard-5-510x510.jpg', 'https://www.dugdugmotorcycles.com/wp-content/uploads/2022/03/dug-dug-splendor-self-defense-rod-leg-guard-4-510x510.jpg', 'https://www.dugdugmotorcycles.com/wp-content/uploads/2022/03/dug-dug-splendor-self-defense-rod-leg-guard-3-510x510.jpg', 'https://www.dugdugmotorcycles.com/wp-content/uploads/2022/03/dug-dug-splendor-self-defense-rod-leg-guard-7-510x510.jpg']","₹1,500.00",-,-,-,-,-,-,-,₹850.00,-,-,-,-,-,-,-,-,-,-,-
Dug Dug Single Rod Leg Guard for Royal Enfield Classic Reborn/Meteor 350,"Weight
3.5 kg",-,DUGDUG-1362,-,-,-,-,-,-,-,-,"['https://www.dugdugmotorcycles.com/wp-content/uploads/2022/03/dug-dug-royal-enfield-classic-reborn-meteor-350-single-rod-crash-guard-leg-guard-3-510x510.jpg', 'https://www.dugdugmotorcycles.com/wp-content/uploads/2022/03/dug-dug-royal-enfield-classic-reborn-meteor-350-single-rod-crash-guard-leg-guard-1-510x510.jpg', 'https://www.dugdugmotorcycles.com/wp-content/uploads/2022/03/dug-dug-royal-enfield-classic-reborn-meteor-350-single-rod-crash-guard-leg-guard-2-510x510.jpg', 'https://www.dugdugmotorcycles.com/wp-content/uploads/2022/03/dug-dug-royal-enfield-classic-reborn-meteor-350-single-rod-crash-guard-leg-guard-4-510x510.jpg']","₹1,999.00",-,-,-,-,-,-,-,"₹1,250.00",-,-,-,-,-,-,-,-,-,-,-
Dug Dug Self Defense Baseball Bat Leg Guard Single Rod for Royal Enfield Classic Reborn/Meteor 350,"Weight
3.5 kg",-,DUGDUG-1356,-,-,-,-,-,-,-,-,"['https://www.dugdugmotorcycles.com/wp-content/uploads/2022/03/dug-dug-royal-enfield-classic-reborn-and-meteor-350-self-defense-leg-guard-crash-guard-1-510x510.jpg', 'https://www.dugdugmotorcycles.com/wp-content/uploads/2022/03/dug-dug-royal-enfield-classic-reborn-and-meteor-350-self-defense-leg-guard-crash-guard-2-510x510.jpg', 'https://www.dugdugmotorcycles.com/wp-content/uploads/2022/03/dug-dug-royal-enfield-classic-reborn-and-meteor-350-self-defense-leg-guard-crash-guard-3-510x510.jpg']","₹1,999.00",-,-,-,-,-,-,-,"₹1,499.00",-,-,-,-,-,-,-,-,-,-,-
Dug Dug Thick Leg Guard Rope for All Bikes,"Weight
2.0 kg",-,DUGDUG-1342,-,-,-,-,-,-,-,-,['https://www.dugdugmotorcycles.com/wp-content/uploads/2022/02/dug-dug-thick-leg-guard-rope-for-all-bike-leg-guard-1-510x383.jpg'],₹999.00,-,-,-,-,-,-,-,₹399.00,-,-,-,-,-,-,-,-,-,-,-
Dug Dug Thick Leg Guard Rope for All Bikes – Black,"Weight
2.0 kg",-,DUGDUG-1341,-,-,-,-,-,-,-,-,['https://www.dugdugmotorcycles.com/wp-content/uploads/2022/02/dug-dug-thick-leg-guard-rope-for-all-bike-leg-guard-2-510x383.jpg'],₹999.00,-,-,-,-,-,-,-,₹399.00,-,-,-,-,-,-,-,-,-,-,-
Dug Dug 8 Bend Crash Guard for Classic Reborn and Meteor 350 Black,"Weight
3.5 kg",-,DUGDUG-1257,-,-,-,-,-,-,-,-,['https://www.dugdugmotorcycles.com/wp-content/uploads/2022/02/dug-dug-royal-enfield-classic-reborn-meteor-350-leg-guard-crash-guard-8-510x383.jpg'],"₹2,999.00",-,-,-,-,-,-,-,"₹1,999.00",-,-,-,-,-,-,-,-,-,-,-
Dug Dug 3 Rod Airfly Crash Guard for Classic Reborn and Meteor 350 with Rope,"Weight
3.5 kg",-,DUGDUG-1255,-,-,-,-,-,-,-,-,"['https://www.dugdugmotorcycles.com/wp-content/uploads/2022/02/dug-dug-royal-enfield-classic-reborn-meteor-350-leg-guard-crash-guard-6-510x239.jpg', 'https://www.dugdugmotorcycles.com/wp-content/uploads/2022/02/dug-dug-royal-enfield-classic-reborn-meteor-350-leg-guard-crash-guard-5-510x383.jpg']","₹3,999.00",-,-,-,-,-,-,-,"₹2,200.00",-,-,-,-,-,-,-,-,-,-,-
Dug Dug EVO Stainless Steel Crash Guard for Classic Reborn and Meteor 350,"Weight
3.5 kg",-,DUGDUG-1254,-,-,-,-,-,-,-,-,['https://www.dugdugmotorcycles.com/wp-content/uploads/2022/02/dug-dug-royal-enfield-classic-reborn-meteor-350-leg-guard-crash-guard-3-510x383.jpg'],"₹3,999.00",-,-,-,-,-,-,-,"₹2,500.00",-,-,-,-,-,-,-,-,-,-,-
Dug Dug 3 Rod Airfly Crash Guard for Classic Reborn and Meteor 350 – Black,"Weight
3.5 kg",-,DUGDUG-1253,-,-,-,-,-,-,-,-,['https://www.dugdugmotorcycles.com/wp-content/uploads/2022/02/dug-dug-royal-enfield-classic-reborn-meteor-350-leg-guard-crash-guard-2-510x383.jpg'],"₹2,999.00",-,-,-,-,-,-,-,"₹2,100.00",-,-,-,-,-,-,-,-,-,-,-
Dug Dug 3 Rod Airfly Crash Guard for Classic Reborn and Meteor 350 Stainless Steel,"Weight
3.5 kg",-,DUGDUG-1252,-,-,-,-,-,-,-,-,['https://www.dugdugmotorcycles.com/wp-content/uploads/2022/02/dug-dug-royal-enfield-classic-reborn-meteor-350-leg-guard-crash-guard-1-510x383.jpg'],"₹3,999.00",-,-,-,-,-,-,-,"₹2,500.00",-,-,-,-,-,-,-,-,-,-,-
Dug Dug Classic Reborn and Meteor 350 Crash Guard with Slider – Black,"Weight
3.5 kg",-,DUGDUG-1247,-,-,-,-,-,-,-,-,"['https://www.dugdugmotorcycles.com/wp-content/uploads/2022/02/dug-dug-royal-enfield-classic-reborn-leg-guard-crash-guard-4-510x383.jpg', 'https://www.dugdugmotorcycles.com/wp-content/uploads/2022/02/dug-dug-royal-enfield-classic-reborn-leg-guard-crash-guard-1-510x235.jpg']","₹4,999.00",-,-,-,-,-,-,-,"₹2,750.00",-,-,-,-,-,-,-,-,-,-,-
Dual Slider Crash Guard for Himalayan,"Weight
3.5 kg",-,DUGDUG-1125,-,-,-,-,-,-,-,-,['https://www.dugdugmotorcycles.com/wp-content/uploads/2021/08/dual-slider-himalayan-crash-guard-dug-dug-motorcycles-510x680.jpg'],"₹4,999.00",-,-,-,-,-,-,-,"₹2,999.00",-,-,-,-,-,-,-,-,-,-,-
Jawa Crash Guard Engine Guard,"Weight
3.5 kg",-,DUGDUG-1100,-,-,-,-,-,-,-,-,['https://www.dugdugmotorcycles.com/wp-content/uploads/2021/07/Jawa-Crash-Guard-Engine-guard-with-Frame-Slider-510x453.jpg'],"₹3,999.00",-,-,-,-,-,-,-,"₹2,800.00",-,-,-,-,-,-,-,-,-,-,-
Meteor 350 Crash Guard with OEM Direct Fitting – Black,"Weight
3.5 kg",-,DUGDUG-1058,-,-,-,-,-,-,-,-,"['https://www.dugdugmotorcycles.com/wp-content/uploads/2021/07/IMG-20210616-WA0080-510x472.jpg', 'https://www.dugdugmotorcycles.com/wp-content/uploads/2021/07/IMG-20210616-WA0081-510x281.jpg']","₹3,999.00",-,-,-,-,-,-,-,"₹1,999.00",-,-,-,-,-,-,-,-,-,-,-
Dug Dug Self Defense Baseball Bat Leg Guard for Royal Enfield Classic 350 Standard Electra BS3/BS4 Models,"Dug Dug Self Defense Safety Single Rod Leg Crash Guard for Bullet is perfect for protecting the leg of the riders in case of any unfortunate event like fall or accident. No matter whether you own a Bullet Electra, Standard or Classic Edition, it is perfect for installation over the 350cc models. The offered leg guard is appreciated among its users to retain their shape even after extreme impact conditions as it is made using the premium quality metal construction to ensure safety even while riding on off-road terrains, mountain, and highway.




Weight
3.5 kg",-,DUGDUG-961,-,-,-,-,-,-,-,-,"['https://www.dugdugmotorcycles.com/wp-content/uploads/2021/01/dug-dug-self-defence-re-logo-leg-guard-baseball-bat-royal-enfield-classic-standard-electra-4-510x461.jpg', 'https://www.dugdugmotorcycles.com/wp-content/uploads/2022/02/dug-dug-rod-leg-guard-self-defense-leg-guard-crash-guard-510x766.jpg', 'https://www.dugdugmotorcycles.com/wp-content/uploads/2021/01/dug-dug-self-defence-re-logo-leg-guard-baseball-bat-royal-enfield-classic-standard-electra-3-510x491.jpg', 'https://www.dugdugmotorcycles.com/wp-content/uploads/2021/01/dug-dug-self-defence-re-logo-leg-guard-baseball-bat-royal-enfield-classic-standard-electra-2-510x491.jpg', 'https://www.dugdugmotorcycles.com/wp-content/uploads/2021/01/dug-dug-self-defence-re-logo-leg-guard-baseball-bat-royal-enfield-classic-standard-electra-1-510x491.jpg']","₹1,999.00",-,-,-,-,-,-,-,"₹1,499.00",-,-,-,-,-,-,-,-,-,-,-
Dug Dug Self Defense Leg Guard for Royal Enfield Classic 350 Standard Electra BS3/BS4 Models,"Dug Dug Self Defense Safety Single Rod Leg Crash Guard for Bullet is perfect for protecting the leg of the riders in case of any unfortunate event like fall or accident. No matter whether you own a Bullet Electra, Standard or Classic Edition, it is perfect for installation over the 350cc models. The offered leg guard is appreciated among its users to retain their shape even after extreme impact conditions as it is made using the premium quality metal construction to ensure safety even while riding on off-road terrains, mountain, and highway.




Weight
3.5 kg",-,DUGDUG-789,-,-,-,-,-,-,-,-,"['https://www.dugdugmotorcycles.com/wp-content/uploads/2020/08/Dug-Dug-Self-Defense-Leg-Guard-for-Royal-Enfield-Classic-350-Standard-Electra-4-510x510.jpg', 'https://www.dugdugmotorcycles.com/wp-content/uploads/2020/08/Dug-Dug-Self-Defense-Leg-Guard-for-Royal-Enfield-Classic-350-Standard-Electra-1-510x510.jpg', 'https://www.dugdugmotorcycles.com/wp-content/uploads/2020/08/Dug-Dug-Self-Defense-Leg-Guard-for-Royal-Enfield-Classic-350-Standard-Electra-6-510x510.jpg', 'https://www.dugdugmotorcycles.com/wp-content/uploads/2020/08/Dug-Dug-Self-Defense-Leg-Guard-for-Royal-Enfield-Classic-350-Standard-Electra-5-510x510.jpg', 'https://www.dugdugmotorcycles.com/wp-content/uploads/2020/08/Dug-Dug-Self-Defense-Leg-Guard-for-Royal-Enfield-Classic-350-Standard-Electra-3-510x510.jpg', 'https://www.dugdugmotorcycles.com/wp-content/uploads/2020/08/Dug-Dug-Self-Defense-Leg-Guard-for-Royal-Enfield-Classic-350-Standard-Electra-2-510x510.jpg']","₹1,999.00",-,-,-,-,-,-,-,"₹1,299.00",-,-,-,-,-,-,-,-,-,-,-
New BS6 Airfly Leg Guard for Royal Enfield Classic Standard Electra – Black,"Dug Dug Stainless Steel Airfly Leg Guard For Royal Enfield Classic Standard Electra. Safety Leg Crash Guard Custom fit as per bike models Durable make, Provides leg protection in unwanted situations, Fits perfectly to the chassis of the vehicle, Its fine finishing enhances looks of the vehicle, Need to be installed with the help of metal clips and screws firmly, Note : Image shown is for display purpose only product may slightly vary as per bike shape and size. Product does not come with fitment screws or clamps.




Weight
3.5 kg",-,DUGDUG-706,-,-,-,-,-,-,-,-,"['https://www.dugdugmotorcycles.com/wp-content/uploads/2020/06/BS6-Airfly-Leg-Guard-for-Classic-Standard-Electra-1-Black-510x383.jpg', 'https://www.dugdugmotorcycles.com/wp-content/uploads/2020/06/BS6-Airfly-Leg-Guard-for-Classic-Standard-Electra-2-Black-510x287.jpg']","₹2,999.00",-,-,-,-,-,-,-,"₹2,300.00",-,-,-,-,-,-,-,-,-,-,-
New BS6 Airfly Leg Guard for Royal Enfield Classic Standard Electra – Stainless Steel,"Dug Dug Stainless Steel Airfly Leg Guard For Royal Enfield Classic Standard Electra. Safety Leg Crash Guard Custom fit as per bike models Durable make, Provides leg protection in unwanted situations, Fits perfectly to the chassis of the vehicle, Its fine finishing enhances looks of the vehicle, Need to be installed with the help of metal clips and screws firmly, Note : Image shown is for display purpose only product may slightly vary as per bike shape and size. Product does not come with fitment screws or clamps.




Weight
3.5 kg",-,DUGDUG-705,-,-,-,-,-,-,-,-,['https://www.dugdugmotorcycles.com/wp-content/uploads/2020/06/BS6-Airfly-Leg-Guard-for-Classic-Standard-Electra-Stainles-Steel.jpg'],"₹2,999.00",-,-,-,-,-,-,-,"₹2,500.00",-,-,-,-,-,-,-,-,-,-,-
"Square Leg Guard for Royal Enfield Classic, Standard, Electra all models 350/500cc – Rope","Compatible : for BS3 and BS4 Model Royal Enfield Bullet 350cc and 500cc (Chrome),royal Enfield classic squadron blue, royal Enfield classic desert storm, royal Enfield classic battle green, royal Enfield classic chrome
Utmost protection: protect your bike without sacrificing ground clearance or style AllExtreme durable engine and leg guard is designed to complement the lines of the motorcycle
Robust construction: designed with premium grade 125″ stainless steel metal tubing, the offered chrome-plated crash guard has curve shape that adds style to function
Two-Point Mount: It is welded using the special welding method and features a 2-point mount system for ultimate strength.
Long Lasting, Low Power Consumption & Energy Saving





Weight
3.5 kg",-,DUGDUG-350,-,-,-,-,-,-,-,-,['https://www.dugdugmotorcycles.com/wp-content/uploads/2019/10/1143731231-scaled-510x383.jpg'],"₹1,499.00",-,-,-,-,-,-,-,"₹1,499.00",-,-,-,-,-,-,-,-,-,-,-
"Spring Leg Guard for Royal Enfield Classic, Standard, Electra, Thunderbirsd all models 350/500cc – Black","Compatible : for BS3 and BS4 Model Royal Enfield Bullet 350cc and 500cc (Chrome),royal Enfield classic squadron blue, royal Enfield classic desert storm, royal Enfield classic battle green, royal Enfield classic chrome
Utmost protection: protect your bike without sacrificing ground clearance or style AllExtreme durable engine and leg guard is designed to complement the lines of the motorcycle
Robust construction: designed with premium grade 125″ stainless steel metal tubing, the offered chrome-plated crash guard has curve shape that adds style to function
Two-Point Mount: It is welded using the special welding method and features a 2-point mount system for ultimate strength.
Long Lasting, Low Power Consumption & Energy Saving





Weight
3.5 kg",-,DUGDUG-351,-,-,-,-,-,-,-,-,"['https://www.dugdugmotorcycles.com/wp-content/uploads/2019/10/1143813161-scaled-510x340.jpg', 'https://www.dugdugmotorcycles.com/wp-content/uploads/2019/10/1143802316.jpg']",$27.90,-,-,-,-,-,-,-,,-,-,-,-,-,-,-,-,-,-,-
"Single Rod Leg Guard for Royal Enfield Classic, Standard, Electra all models 350/500cc – Chrome","Compatible : for BS3 and BS4 Model Royal Enfield Bullet 350cc and 500cc (Chrome),royal Enfield classic squadron blue, royal Enfield classic desert storm, royal Enfield classic battle green, royal Enfield classic chrome
Utmost protection: protect your bike without sacrificing ground clearance or style AllExtreme durable engine and leg guard is designed to complement the lines of the motorcycle
Robust construction: designed with premium grade 125″ stainless steel metal tubing, the offered chrome-plated crash guard has curve shape that adds style to function
Two-Point Mount: It is welded using the special welding method and features a 2-point mount system for ultimate strength.
Long Lasting, Low Power Consumption & Energy Saving





Weight
3.5 kg",-,DUGDUG-352,-,-,-,-,-,-,-,-,"['https://www.dugdugmotorcycles.com/wp-content/uploads/2019/10/1143729485-510x425.jpg', 'https://www.dugdugmotorcycles.com/wp-content/uploads/2019/10/1143731193-510x425.jpg']",₹900.00,-,-,-,-,-,-,-,₹900.00,-,-,-,-,-,-,-,-,-,-,-
"Rear Leg Guard for Royal Enfield Classic, Standard, Electra all models 350/500cc – Chrome","Compatible : for BS3 and BS4 Model Royal Enfield Bullet 350cc and 500cc (Chrome),royal Enfield classic squadron blue, royal Enfield classic desert storm, royal Enfield classic battle green, royal Enfield classic chrome
Utmost protection: protect your bike without sacrificing ground clearance or style AllExtreme durable engine and leg guard is designed to complement the lines of the motorcycle
Robust construction: designed with premium grade 125″ stainless steel metal tubing, the offered chrome-plated crash guard has curve shape that adds style to function
Two-Point Mount: It is welded using the special welding method and features a 2-point mount system for ultimate strength.
Long Lasting, Low Power Consumption & Energy Saving





Weight
2.0 kg",-,DUGDUG-353,-,-,-,-,-,-,-,-,['https://www.dugdugmotorcycles.com/wp-content/uploads/2019/10/1143731059.jpg'],₹900.00,-,-,-,-,-,-,-,₹900.00,-,-,-,-,-,-,-,-,-,-,-
"Rear Leg Guard for Royal Enfield Classic, Standard, Electra all models 350/500cc – Black","Compatible : for BS3 and BS4 Model Royal Enfield Bullet 350cc and 500cc (Chrome),royal Enfield classic squadron blue, royal Enfield classic desert storm, royal Enfield classic battle green, royal Enfield classic chrome
Utmost protection: protect your bike without sacrificing ground clearance or style AllExtreme durable engine and leg guard is designed to complement the lines of the motorcycle
Robust construction: designed with premium grade 125″ stainless steel metal tubing, the offered chrome-plated crash guard has curve shape that adds style to function
Two-Point Mount: It is welded using the special welding method and features a 2-point mount system for ultimate strength.
Long Lasting, Low Power Consumption & Energy Saving





Weight
2.1 kg",-,DUGDUG-354,-,-,-,-,-,-,-,-,"['https://www.dugdugmotorcycles.com/wp-content/uploads/2019/10/1143729353-510x425.jpg', 'https://www.dugdugmotorcycles.com/wp-content/uploads/2019/10/1143731013-510x425.jpg']",₹900.00,-,-,-,-,-,-,-,₹900.00,-,-,-,-,-,-,-,-,-,-,-
"Airfly 3 Rod Stainless Steel Leg Guard for Royal Enfield Classic, Standard, Electra all models 350/500cc – Silver Stainless Steel","Compatible : for BS3 and BS4 Model Royal Enfield Bullet 350cc and 500cc (Chrome),royal Enfield classic squadron blue, royal Enfield classic desert storm, royal Enfield classic battle green, royal Enfield classic chrome
Utmost protection: protect your bike without sacrificing ground clearance or style AllExtreme durable engine and leg guard is designed to complement the lines of the motorcycle
Robust construction: designed with premium grade 125″ stainless steel metal tubing, the offered chrome-plated crash guard has curve shape that adds style to function
Two-Point Mount: It is welded using the special welding method and features a 2-point mount system for ultimate strength.
Long Lasting, Low Power Consumption & Energy Saving





Weight
3.5 kg",-,DUGDUG-358,-,-,-,-,-,-,-,-,['https://www.dugdugmotorcycles.com/wp-content/uploads/2019/10/1144889837-510x287.jpg'],"₹2,100.00",-,-,-,-,-,-,-,"₹2,100.00",-,-,-,-,-,-,-,-,-,-,-
"Airfly 3 Rod Leg Guard for Royal Enfield Classic, Standard, Electra all models 350/500cc – Chrome","Compatible : for BS3 and BS4 Model Royal Enfield Bullet 350cc and 500cc (Chrome),royal Enfield classic squadron blue, royal Enfield classic desert storm, royal Enfield classic battle green, royal Enfield classic chrome
Utmost protection: protect your bike without sacrificing ground clearance or style AllExtreme durable engine and leg guard is designed to complement the lines of the motorcycle
Robust construction: designed with premium grade 125″ stainless steel metal tubing, the offered chrome-plated crash guard has curve shape that adds style to function
Two-Point Mount: It is welded using the special welding method and features a 2-point mount system for ultimate strength.
Long Lasting, Low Power Consumption & Energy Saving





Weight
3.5 kg",-,DUGDUG-359,-,-,-,-,-,-,-,-,"['https://www.dugdugmotorcycles.com/wp-content/uploads/2019/10/1143728633-510x356.jpg', 'https://www.dugdugmotorcycles.com/wp-content/uploads/2019/10/1143724876.jpg', 'https://www.dugdugmotorcycles.com/wp-content/uploads/2019/10/1143723967-scaled-510x333.jpg']","₹1,650.00",-,-,-,-,-,-,-,"₹1,650.00",-,-,-,-,-,-,-,-,-,-,-
"Airfly 3 Rod Leg Guard for Royal Enfield Classic, Standard, Electra all models 350/500cc – Black","Compatible : for BS3 and BS4 Model Royal Enfield Bullet 350cc and 500cc (Chrome),royal Enfield classic squadron blue, royal Enfield classic desert storm, royal Enfield classic battle green, royal Enfield classic chrome
Utmost protection: protect your bike without sacrificing ground clearance or style Dug Dug durable engine and leg guard is designed to complement the lines of the motorcycle
Robust construction: designed with premium grade 125″ stainless steel metal tubing, the offered chrome-plated crash guard has curve shape that adds style to function
Two-Point Mount: It is welded using the special welding method and features a 2-point mount system for ultimate strength.
Long Lasting, Low Power Consumption & Energy Saving





Weight
3.5 kg",-,DUGDUG-360,-,-,-,-,-,-,-,-,"['https://www.dugdugmotorcycles.com/wp-content/uploads/2019/10/1143728402-510x597.jpg', 'https://www.dugdugmotorcycles.com/wp-content/uploads/2019/10/1143724656-510x411.jpg']","₹2,500.00",-,-,-,-,-,-,-,"₹1,950.00",-,-,-,-,-,-,-,-,-,-,-
"Airfly 2 Rod Leg Guard for Royal Enfield Classic, Standard, Electra all models 350/500cc – Rope","Compatible : for BS3 and BS4 Model Royal Enfield Bullet 350cc and 500cc (Chrome),royal Enfield classic squadron blue, royal Enfield classic desert storm, royal Enfield classic battle green, royal Enfield classic chrome
Utmost protection: protect your bike without sacrificing ground clearance or style AllExtreme durable engine and leg guard is designed to complement the lines of the motorcycle
Robust construction: designed with premium grade 125″ stainless steel metal tubing, the offered chrome-plated crash guard has curve shape that adds style to function
Two-Point Mount: It is welded using the special welding method and features a 2-point mount system for ultimate strength.
Long Lasting, Low Power Consumption & Energy Saving





Weight
3.5 kg",-,DUGDUG-361,-,-,-,-,-,-,-,-,"['https://www.dugdugmotorcycles.com/wp-content/uploads/2019/10/1143724570-510x597.jpg', 'https://www.dugdugmotorcycles.com/wp-content/uploads/2019/10/1143728310-510x766.jpg', 'https://www.dugdugmotorcycles.com/wp-content/uploads/2019/10/1143728282-510x597.jpg', 'https://www.dugdugmotorcycles.com/wp-content/uploads/2019/10/1143724582.jpg']","₹1,550.00",-,-,-,-,-,-,-,"₹1,550.00",-,-,-,-,-,-,-,-,-,-,-
