Product name,Description,Slug,SKU,Auto Generate SKU,Categories,Status,Is featured?,Brand,Product collections,Labels,Taxes,Images,Price,Product attributes,Import type,Is variation default?,Stock status,With storehouse management,Quantity,Allow checkout when out of stock,Sale price,Start date sale price,End date sale price,Weight,Length,Wide,Height,Cost per item,Barcode,Content,Tags,Vendor
Liqui Moly Performance Pack for Royal Enfield Classic Reborn 350,"Liqui Moly Performance Pack for Classic Reborn 350
Liqui Moly Performance Pack for Classic Reborn 350 is a German brand that specializes in producing various automotive products, including engine oils, additives, lubricants, and car care products. Their engine oils are well-regarded for their quality and performance. Liqui Moly offers a wide range of engine oils tailored to different types of vehicles, engines, and driving conditions.
Their engine oils often come with various formulations, such as synthetic, semi-synthetic, and mineral oils, each designed to meet the specific needs of different engines and driving scenarios. Liqui Moly engine oils are known for providing improved engine protection, enhanced performance, and better fuel efficiency.
 

 
In the box:

2 x 15W-50 Street 1L
1 x Engine Flush Shooter 80 ml
1 x 4T Shooter Petrol Additive
1 x Mos2 Oil additive 20 ml

 



Liqui Moly Engine Flush Advantages:


Removal of Deposits and Sludge: Liqui Moly Performance Pack for Classic Reborn 350 Engine flushing can help remove accumulated deposits, sludge, and varnish that may have formed in the engine over time. These contaminants can reduce engine efficiency, hinder oil flow, and potentially lead to engine problems.
Improved Oil Circulation: By removing deposits, the engine’s oil passages and channels can be cleared, allowing for better circulation of fresh oil. This can lead to improved lubrication and cooling of engine components.
Restored Engine Performance: If sludge and deposits have been impacting the engine’s performance, Liqui Moly Engine Flush will help restore lost power and efficiency.
Extended Engine Life: By maintaining a cleaner engine, you might potentially extend the life of the engine and its components. Cleaner internal parts are less likely to suffer from excessive wear and tear. 


 
Mos2 Shooter Advantages:


Improved Lubrication: Liqui Moly Performance Pack for Classic Reborn 350 Mos2 Shooter contains friction-reducing compounds that help minimize wear and friction between engine components. This can lead to smoother engine operation, reduced heat generation, and potentially extended engine life.
Engine Cleaning: Liqui Moly Mos2 Shooter is designed to clean and dissolve sludge, varnish, and other deposits that can accumulate in the engine over time. This can help maintain clear oil passages and prevent clogging, leading to better oil circulation and improved performance.
Better Fuel Efficiency: Liqui Moly Mos2 Shooter act as friction modifier and viscosity improver which contributes to improved fuel efficiency by reducing friction within the engine and promoting smoother operation.
Cold Weather Performance: Liqui Moly Mos2 Shooter is formulated to improve the oil’s flow properties at low temperatures, reducing engine startup wear and ensuring proper lubrication during cold starts.
Engine Protection: Liqui Moly Mos2 Shooter’s properties like Anti-wear, corrosion inhibitor and antioxidants can provide additional protection to critical engine components, helping to prevent damage from oxidation and corrosion.
Seal Conditioning: Liqui Moly Mos2 Shooter helps condition and rejuvenate seals and gaskets can potentially reduce oil leaks and maintain proper sealing integrity.
Noise Reduction: Liqui Moly Mos2 Shooter can help dampen engine noise and vibrations, contributing to a quieter and smoother engine operation.
Performance Enhancement: Liqui Moly Mos2 Shooter used to enhance engine performance in specific scenarios, such as racing or heavy-duty applications. These additives can optimize the oil’s properties for maximum power and efficiency.


 
4T Shooter Advantages:


Fuel System Cleaning: Liqui Moly Performance Pack Classic Reborn 350 4T Shooter can help clean fuel injectors, intake valves, and combustion chambers by breaking down carbon deposits, varnish, and other contaminants that can accumulate over time. This can result in improved fuel atomization, better combustion, and reduced emissions.

Improved Fuel Efficiency: Liqui Moly 4T Shooter Petrol Additive contain detergents and combustion enhancers that promote more efficient fuel combustion. This can lead to better fuel mileage and reduced fuel consumption.
Reduced Engine Knock: Liqui Moly 4T Shooter Petrol Additive has octane-boosting properties that can increase the octane rating of the fuel, reducing the likelihood of engine knocking or pinging. This is particularly beneficial for vehicles with high-performance engines or engines prone to knocking.
Emission Reduction: Liqui Moly 4T Shooter Petrol Additive improves combustion efficiency can also lead to reduced emissions, including lower levels of carbon monoxide (CO) and hydrocarbons (HC).
Cold Weather Performance: Liqui Moly 4T Shooter Petrol Additive is formulated to prevent fuel line freezing and improve cold-start performance, ensuring smooth engine operation in low temperatures.
Corrosion Protection: Liqui Moly 4T Shooter Petrol Additive provides corrosion inhibitors which helps in protecting the fuel system components, such as fuel tanks and fuel lines, from rust and corrosion caused by moisture in the fuel.
Stabilization of Fuel: Fuel stabilizers found in Liqui Moly 4T Shooter Petrol Additive helps prevent fuel degradation, varnish formation, and gum buildup during prolonged periods of vehicle inactivity.
Fuel Tank and System Cleaning: Liqui Moly 4T Shooter Petrol Additive helps preventing the accumulation of sediment and water in the fuel tank and fuel lines, maintaining clean and efficient fuel delivery.
Engine Performance Enhancement: Liqui Moly 4T Shooter Petrol Additive is formulated to enhance engine performance by optimizing the fuel’s combustion characteristics and improving power output.
Reduced Maintenance Costs: By keeping the fuel system clean and efficient, Liqui Moly 4T Shooter Petrol Additive can potentially reduce the need for costly maintenance and repairs related to fuel system issues.

Liqui Moly Performance Pack for Classic Reborn 350
Brand: Liqui Moly
Manufacturer: Liqui Moly 
Country of Origin: Germany 




Weight
3.0 kg",-,DUGDUG-1642,-,-,-,-,-,-,-,-,"['https://www.dugdugmotorcycles.com/wp-content/uploads/2023/08/Liqui-Moly-Performance-Pack-for-Royal-Enfield-Classic-Reborn-350-Engine-Oil-Additive-Engine-Flush-Petrol-Additive-Dug-Dug-Motorcycles-510x510.webp', 'https://www.dugdugmotorcycles.com/wp-content/uploads/2023/08/liqui-moly-engine-oil-engine-flush-mos2-shooter-dug-dug-motorcycles-performance-pack-2-510x510.webp', 'https://www.dugdugmotorcycles.com/wp-content/uploads/2023/08/liqui-moly-engine-oil-engine-flush-mos2-shooter-dug-dug-motorcycles-performance-pack-510x506.webp', 'https://www.dugdugmotorcycles.com/wp-content/uploads/2023/08/liqui-moly-engine-oil-engine-flush-mos2-shooter-dug-dug-motorcycles-performance-pack-3-jpg.webp']","₹5,999.00",-,-,-,-,-,-,-,"₹3,200.00",-,-,-,-,-,-,-,-,-,-,-
Liqui Moly Performance Pack for Royal Enfield Meteor 350,"Liqui Moly Performance Pack for Meteor 350
Liqui Moly Performance Pack for Meteor 350 is a German brand that specializes in producing various automotive products, including engine oils, additives, lubricants, and car care products. Their engine oils are well-regarded for their quality and performance. Liqui Moly offers a wide range of engine oils tailored to different types of vehicles, engines, and driving conditions.
Their engine oils often come with various formulations, such as synthetic, semi-synthetic, and mineral oils, each designed to meet the specific needs of different engines and driving scenarios. Liqui Moly engine oils are known for providing improved engine protection, enhanced performance, and better fuel efficiency.
 

 
In the box:

2 x 15W-50 Street 1L
1 x Engine Flush Shooter 80 ml
1 x 4T Shooter Petrol Additive
1 x Mos2 Oil additive 20 ml

 



Liqui Moly Engine Flush Advantages:


Removal of Deposits and Sludge: Liqui Moly Performance Pack for Meteor 350 Engine flushing can help remove accumulated deposits, sludge, and varnish that may have formed in the engine over time. These contaminants can reduce engine efficiency, hinder oil flow, and potentially lead to engine problems.
Improved Oil Circulation: By removing deposits, the engine’s oil passages and channels can be cleared, allowing for better circulation of fresh oil. This can lead to improved lubrication and cooling of engine components.
Restored Engine Performance: If sludge and deposits have been impacting the engine’s performance, Liqui Moly Engine Flush will help restore lost power and efficiency.
Extended Engine Life: By maintaining a cleaner engine, you might potentially extend the life of the engine and its components. Cleaner internal parts are less likely to suffer from excessive wear and tear. 


 
Mos2 Shooter Advantages:


Improved Lubrication: Liqui Moly Performance Pack for Meteor 350 Mos2 Shooter contains friction-reducing compounds that help minimize wear and friction between engine components. This can lead to smoother engine operation, reduced heat generation, and potentially extended engine life.
Engine Cleaning: Liqui Moly Mos2 Shooter is designed to clean and dissolve sludge, varnish, and other deposits that can accumulate in the engine over time. This can help maintain clear oil passages and prevent clogging, leading to better oil circulation and improved performance.
Better Fuel Efficiency: Liqui Moly Mos2 Shooter act as friction modifier and viscosity improver which contributes to improved fuel efficiency by reducing friction within the engine and promoting smoother operation.
Cold Weather Performance: Liqui Moly Mos2 Shooter is formulated to improve the oil’s flow properties at low temperatures, reducing engine startup wear and ensuring proper lubrication during cold starts.
Engine Protection: Liqui Moly Mos2 Shooter’s properties like Anti-wear, corrosion inhibitor and antioxidants can provide additional protection to critical engine components, helping to prevent damage from oxidation and corrosion.
Seal Conditioning: Liqui Moly Mos2 Shooter helps condition and rejuvenate seals and gaskets can potentially reduce oil leaks and maintain proper sealing integrity.
Noise Reduction: Liqui Moly Mos2 Shooter can help dampen engine noise and vibrations, contributing to a quieter and smoother engine operation.
Performance Enhancement: Liqui Moly Mos2 Shooter used to enhance engine performance in specific scenarios, such as racing or heavy-duty applications. These additives can optimize the oil’s properties for maximum power and efficiency.


 
4T Shooter Advantages:


Fuel System Cleaning: Liqui Moly Performance Pack Meteor 350 4T Shooter can help clean fuel injectors, intake valves, and combustion chambers by breaking down carbon deposits, varnish, and other contaminants that can accumulate over time. This can result in improved fuel atomization, better combustion, and reduced emissions.

Improved Fuel Efficiency: Liqui Moly 4T Shooter Petrol Additive contain detergents and combustion enhancers that promote more efficient fuel combustion. This can lead to better fuel mileage and reduced fuel consumption.
Reduced Engine Knock: Liqui Moly 4T Shooter Petrol Additive has octane-boosting properties that can increase the octane rating of the fuel, reducing the likelihood of engine knocking or pinging. This is particularly beneficial for vehicles with high-performance engines or engines prone to knocking.
Emission Reduction: Liqui Moly 4T Shooter Petrol Additive improves combustion efficiency can also lead to reduced emissions, including lower levels of carbon monoxide (CO) and hydrocarbons (HC).
Cold Weather Performance: Liqui Moly 4T Shooter Petrol Additive is formulated to prevent fuel line freezing and improve cold-start performance, ensuring smooth engine operation in low temperatures.
Corrosion Protection: Liqui Moly 4T Shooter Petrol Additive provides corrosion inhibitors which helps in protecting the fuel system components, such as fuel tanks and fuel lines, from rust and corrosion caused by moisture in the fuel.
Stabilization of Fuel: Fuel stabilizers found in Liqui Moly 4T Shooter Petrol Additive helps prevent fuel degradation, varnish formation, and gum buildup during prolonged periods of vehicle inactivity.
Fuel Tank and System Cleaning: Liqui Moly 4T Shooter Petrol Additive helps preventing the accumulation of sediment and water in the fuel tank and fuel lines, maintaining clean and efficient fuel delivery.
Engine Performance Enhancement: Liqui Moly 4T Shooter Petrol Additive is formulated to enhance engine performance by optimizing the fuel’s combustion characteristics and improving power output.
Reduced Maintenance Costs: By keeping the fuel system clean and efficient, Liqui Moly 4T Shooter Petrol Additive can potentially reduce the need for costly maintenance and repairs related to fuel system issues.

Liqui Moly Performance Pack for Meteor 350
Brand: Liqui Moly
Manufacturer: Liqui Moly 
Country of Origin: Germany 




Weight
3.0 kg",-,DUGDUG-1643,-,-,-,-,-,-,-,-,"['https://www.dugdugmotorcycles.com/wp-content/uploads/2023/09/Liqui-Moly-Performance-Pack-for-Royal-Enfield-Meteor-350-Engine-Oil-Additive-Engine-Flush-Petrol-Additive-Dug-Dug-Motorcycles-510x510.webp', 'https://www.dugdugmotorcycles.com/wp-content/uploads/2023/08/liqui-moly-engine-oil-engine-flush-mos2-shooter-dug-dug-motorcycles-performance-pack-2-510x510.webp', 'https://www.dugdugmotorcycles.com/wp-content/uploads/2023/08/liqui-moly-engine-oil-engine-flush-mos2-shooter-dug-dug-motorcycles-performance-pack-510x506.webp', 'https://www.dugdugmotorcycles.com/wp-content/uploads/2023/08/liqui-moly-engine-oil-engine-flush-mos2-shooter-dug-dug-motorcycles-performance-pack-3-jpg.webp']","₹5,999.00",-,-,-,-,-,-,-,"₹3,200.00",-,-,-,-,-,-,-,-,-,-,-
Liqui Moly Performance Pack for Royal Enfield Interceptor 650,"Liqui Moly Performance Pack for Interceptor 650
Liqui Moly Performance Pack for Interceptor 650 is a German brand that specializes in producing various automotive products, including engine oils, additives, lubricants, and car care products. Their engine oils are well-regarded for their quality and performance. Liqui Moly offers a wide range of engine oils tailored to different types of vehicles, engines, and driving conditions.
Their engine oils often come with various formulations, such as synthetic, semi-synthetic, and mineral oils, each designed to meet the specific needs of different engines and driving scenarios. Liqui Moly engine oils are known for providing improved engine protection, enhanced performance, and better fuel efficiency.
 

 
In the box:

3 x 10W-50 Street Race 1L
1 x Engine Flush Shooter 80 ml
1 x 4T Shooter Petrol Additive
2 x Mos2 Oil additive 20 ml

 



Liqui Moly Engine Flush Advantages:


Removal of Deposits and Sludge: Liqui Moly Performance Pack for Interceptor 650 Engine flushing can help remove accumulated deposits, sludge, and varnish that may have formed in the engine over time. These contaminants can reduce engine efficiency, hinder oil flow, and potentially lead to engine problems.
Improved Oil Circulation: By removing deposits, the engine’s oil passages and channels can be cleared, allowing for better circulation of fresh oil. This can lead to improved lubrication and cooling of engine components.
Restored Engine Performance: If sludge and deposits have been impacting the engine’s performance, Liqui Moly Engine Flush will help restore lost power and efficiency.
Extended Engine Life: By maintaining a cleaner engine, you might potentially extend the life of the engine and its components. Cleaner internal parts are less likely to suffer from excessive wear and tear. 


 
Mos2 Shooter Advantages:


Improved Lubrication: Liqui Moly Performance Pack for Interceptor 650 Mos2 Shooter contains friction-reducing compounds that help minimize wear and friction between engine components. This can lead to smoother engine operation, reduced heat generation, and potentially extended engine life.
Engine Cleaning: Liqui Moly Mos2 Shooter is designed to clean and dissolve sludge, varnish, and other deposits that can accumulate in the engine over time. This can help maintain clear oil passages and prevent clogging, leading to better oil circulation and improved performance.
Better Fuel Efficiency: Liqui Moly Mos2 Shooter act as friction modifier and viscosity improver which contributes to improved fuel efficiency by reducing friction within the engine and promoting smoother operation.
Cold Weather Performance: Liqui Moly Mos2 Shooter is formulated to improve the oil’s flow properties at low temperatures, reducing engine startup wear and ensuring proper lubrication during cold starts.
Engine Protection: Liqui Moly Mos2 Shooter’s properties like Anti-wear, corrosion inhibitor and antioxidants can provide additional protection to critical engine components, helping to prevent damage from oxidation and corrosion.
Seal Conditioning: Liqui Moly Mos2 Shooter helps condition and rejuvenate seals and gaskets can potentially reduce oil leaks and maintain proper sealing integrity.
Noise Reduction: Liqui Moly Mos2 Shooter can help dampen engine noise and vibrations, contributing to a quieter and smoother engine operation.
Performance Enhancement: Liqui Moly Mos2 Shooter used to enhance engine performance in specific scenarios, such as racing or heavy-duty applications. These additives can optimize the oil’s properties for maximum power and efficiency.


 
4T Shooter Advantages:


Fuel System Cleaning: Liqui Moly Performance Pack Interceptor 650 4T Shooter can help clean fuel injectors, intake valves, and combustion chambers by breaking down carbon deposits, varnish, and other contaminants that can accumulate over time. This can result in improved fuel atomization, better combustion, and reduced emissions.

Improved Fuel Efficiency: Liqui Moly 4T Shooter Petrol Additive contain detergents and combustion enhancers that promote more efficient fuel combustion. This can lead to better fuel mileage and reduced fuel consumption.
Reduced Engine Knock: Liqui Moly 4T Shooter Petrol Additive has octane-boosting properties that can increase the octane rating of the fuel, reducing the likelihood of engine knocking or pinging. This is particularly beneficial for vehicles with high-performance engines or engines prone to knocking.
Emission Reduction: Liqui Moly 4T Shooter Petrol Additive improves combustion efficiency can also lead to reduced emissions, including lower levels of carbon monoxide (CO) and hydrocarbons (HC).
Cold Weather Performance: Liqui Moly 4T Shooter Petrol Additive is formulated to prevent fuel line freezing and improve cold-start performance, ensuring smooth engine operation in low temperatures.
Corrosion Protection: Liqui Moly 4T Shooter Petrol Additive provides corrosion inhibitors which helps in protecting the fuel system components, such as fuel tanks and fuel lines, from rust and corrosion caused by moisture in the fuel.
Stabilization of Fuel: Fuel stabilizers found in Liqui Moly 4T Shooter Petrol Additive helps prevent fuel degradation, varnish formation, and gum buildup during prolonged periods of vehicle inactivity.
Fuel Tank and System Cleaning: Liqui Moly 4T Shooter Petrol Additive helps preventing the accumulation of sediment and water in the fuel tank and fuel lines, maintaining clean and efficient fuel delivery.
Engine Performance Enhancement: Liqui Moly 4T Shooter Petrol Additive is formulated to enhance engine performance by optimizing the fuel’s combustion characteristics and improving power output.
Reduced Maintenance Costs: By keeping the fuel system clean and efficient, Liqui Moly 4T Shooter Petrol Additive can potentially reduce the need for costly maintenance and repairs related to fuel system issues.

Liqui Moly Performance Pack for Interceptor 650
Brand: Liqui Moly
Manufacturer: Liqui Moly 
Country of Origin: Germany",-,DUGDUG-1639,-,-,-,-,-,-,-,-,"['https://www.dugdugmotorcycles.com/wp-content/uploads/2023/08/Liqui-Moly-Performance-Pack-for-Royal-Enfield-Interceptor-650-Engine-Oil-Additive-Engine-Flush-Petrol-Additive-Dug-Dug-Motorcycles-510x510.webp', 'https://www.dugdugmotorcycles.com/wp-content/uploads/2023/08/liqui-moly-engine-oil-engine-flush-mos2-shooter-dug-dug-motorcycles-performance-pack-2-510x510.webp', 'https://www.dugdugmotorcycles.com/wp-content/uploads/2023/08/liqui-moly-engine-oil-engine-flush-mos2-shooter-dug-dug-motorcycles-performance-pack-510x506.webp', 'https://www.dugdugmotorcycles.com/wp-content/uploads/2023/08/liqui-moly-engine-oil-engine-flush-mos2-shooter-dug-dug-motorcycles-performance-pack-3-jpg.webp']","₹8,999.00",-,-,-,-,-,-,-,"₹5,700.00",-,-,-,-,-,-,-,-,-,-,-
Liqui Moly Performance Pack for Royal Enfield Himalayan Scram 411cc,"Liqui Moly Performance Pack for Himalayan Scram 411cc
Liqui Moly Performance Pack for Himalayan Scram 411cc is a German brand that specializes in producing various automotive products, including engine oils, additives, lubricants, and car care products. Their engine oils are well-regarded for their quality and performance. Liqui Moly offers a wide range of engine oils tailored to different types of vehicles, engines, and driving conditions.
Their engine oils often come with various formulations, such as synthetic, semi-synthetic, and mineral oils, each designed to meet the specific needs of different engines and driving scenarios. Liqui Moly engine oils are known for providing improved engine protection, enhanced performance, and better fuel efficiency.
 

 
In the box:

2 x 15W-50 Street 1L
1 x Engine Flush Shooter 80 ml
1 x 4T Shooter Petrol Additive
1 x Mos2 Oil additive 20 ml

 



Liqui Moly Engine Flush Advantages:


Removal of Deposits and Sludge: Liqui Moly Performance Pack for Himalayan Scram 411cc Engine flushing can help remove accumulated deposits, sludge, and varnish that may have formed in the engine over time. These contaminants can reduce engine efficiency, hinder oil flow, and potentially lead to engine problems.
Improved Oil Circulation: By removing deposits, the engine’s oil passages and channels can be cleared, allowing for better circulation of fresh oil. This can lead to improved lubrication and cooling of engine components.
Restored Engine Performance: If sludge and deposits have been impacting the engine’s performance, Liqui Moly Engine Flush will help restore lost power and efficiency.
Extended Engine Life: By maintaining a cleaner engine, you might potentially extend the life of the engine and its components. Cleaner internal parts are less likely to suffer from excessive wear and tear. 


 
Mos2 Shooter Advantages:


Improved Lubrication: Liqui Moly Performance Pack for Himalayan Scram 411cc Mos2 Shooter contains friction-reducing compounds that help minimize wear and friction between engine components. This can lead to smoother engine operation, reduced heat generation, and potentially extended engine life.
Engine Cleaning: Liqui Moly Mos2 Shooter is designed to clean and dissolve sludge, varnish, and other deposits that can accumulate in the engine over time. This can help maintain clear oil passages and prevent clogging, leading to better oil circulation and improved performance.
Better Fuel Efficiency: Liqui Moly Mos2 Shooter act as friction modifier and viscosity improver which contributes to improved fuel efficiency by reducing friction within the engine and promoting smoother operation.
Cold Weather Performance: Liqui Moly Mos2 Shooter is formulated to improve the oil’s flow properties at low temperatures, reducing engine startup wear and ensuring proper lubrication during cold starts.
Engine Protection: Liqui Moly Mos2 Shooter’s properties like Anti-wear, corrosion inhibitor and antioxidants can provide additional protection to critical engine components, helping to prevent damage from oxidation and corrosion.
Seal Conditioning: Liqui Moly Mos2 Shooter helps condition and rejuvenate seals and gaskets can potentially reduce oil leaks and maintain proper sealing integrity.
Noise Reduction: Liqui Moly Mos2 Shooter can help dampen engine noise and vibrations, contributing to a quieter and smoother engine operation.
Performance Enhancement: Liqui Moly Mos2 Shooter used to enhance engine performance in specific scenarios, such as racing or heavy-duty applications. These additives can optimize the oil’s properties for maximum power and efficiency.


 
4T Shooter Advantages:


Fuel System Cleaning: Liqui Moly Performance Pack Himalayan Scram 411cc 4T Shooter can help clean fuel injectors, intake valves, and combustion chambers by breaking down carbon deposits, varnish, and other contaminants that can accumulate over time. This can result in improved fuel atomization, better combustion, and reduced emissions.

Improved Fuel Efficiency: Liqui Moly 4T Shooter Petrol Additive contain detergents and combustion enhancers that promote more efficient fuel combustion. This can lead to better fuel mileage and reduced fuel consumption.
Reduced Engine Knock: Liqui Moly 4T Shooter Petrol Additive has octane-boosting properties that can increase the octane rating of the fuel, reducing the likelihood of engine knocking or pinging. This is particularly beneficial for vehicles with high-performance engines or engines prone to knocking.
Emission Reduction: Liqui Moly 4T Shooter Petrol Additive improves combustion efficiency can also lead to reduced emissions, including lower levels of carbon monoxide (CO) and hydrocarbons (HC).
Cold Weather Performance: Liqui Moly 4T Shooter Petrol Additive is formulated to prevent fuel line freezing and improve cold-start performance, ensuring smooth engine operation in low temperatures.
Corrosion Protection: Liqui Moly 4T Shooter Petrol Additive provides corrosion inhibitors which helps in protecting the fuel system components, such as fuel tanks and fuel lines, from rust and corrosion caused by moisture in the fuel.
Stabilization of Fuel: Fuel stabilizers found in Liqui Moly 4T Shooter Petrol Additive helps prevent fuel degradation, varnish formation, and gum buildup during prolonged periods of vehicle inactivity.
Fuel Tank and System Cleaning: Liqui Moly 4T Shooter Petrol Additive helps preventing the accumulation of sediment and water in the fuel tank and fuel lines, maintaining clean and efficient fuel delivery.
Engine Performance Enhancement: Liqui Moly 4T Shooter Petrol Additive is formulated to enhance engine performance by optimizing the fuel’s combustion characteristics and improving power output.
Reduced Maintenance Costs: By keeping the fuel system clean and efficient, Liqui Moly 4T Shooter Petrol Additive can potentially reduce the need for costly maintenance and repairs related to fuel system issues.

Liqui Moly Performance Pack for Himalayan Scram 411cc
Brand: Liqui Moly
Manufacturer: Liqui Moly 
Country of Origin: Germany",-,DUGDUG-1638,-,-,-,-,-,-,-,-,"['https://www.dugdugmotorcycles.com/wp-content/uploads/2023/08/Liqui-Moly-Performance-Pack-for-Royal-Enfield-Scram-411cc-Engine-Oil-Additive-Engine-Flush-Petrol-Additive-Dug-Dug-Motorcycles-510x510.webp', 'https://www.dugdugmotorcycles.com/wp-content/uploads/2023/08/liqui-moly-engine-oil-engine-flush-mos2-shooter-dug-dug-motorcycles-performance-pack-2-510x510.webp', 'https://www.dugdugmotorcycles.com/wp-content/uploads/2023/08/liqui-moly-engine-oil-engine-flush-mos2-shooter-dug-dug-motorcycles-performance-pack-510x506.webp', 'https://www.dugdugmotorcycles.com/wp-content/uploads/2023/08/liqui-moly-engine-oil-engine-flush-mos2-shooter-dug-dug-motorcycles-performance-pack-3-jpg.webp']","₹8,999.00",-,-,-,-,-,-,-,"₹3,200.00",-,-,-,-,-,-,-,-,-,-,-
Liqui Moly Performance Pack for Royal Enfield Himalayan,"Liqui Moly Performance Pack for Himalayan
Liqui Moly Performance Pack for Himalayan is a German brand that specializes in producing various automotive products, including engine oils, additives, lubricants, and car care products. Their engine oils are well-regarded for their quality and performance. Liqui Moly offers a wide range of engine oils tailored to different types of vehicles, engines, and driving conditions.
Their engine oils often come with various formulations, such as synthetic, semi-synthetic, and mineral oils, each designed to meet the specific needs of different engines and driving scenarios. Liqui Moly engine oils are known for providing improved engine protection, enhanced performance, and better fuel efficiency.
 

 
In the box:

2 x 15W-50 Street 1L
1 x Engine Flush Shooter 80 ml
1 x 4T Shooter Petrol Additive
1 x Mos2 Oil additive 20 ml

 



Liqui Moly Engine Flush Advantages:


Removal of Deposits and Sludge: Liqui Moly Performance Pack for Himalayan Engine flushing can help remove accumulated deposits, sludge, and varnish that may have formed in the engine over time. These contaminants can reduce engine efficiency, hinder oil flow, and potentially lead to engine problems.
Improved Oil Circulation: By removing deposits, the engine’s oil passages and channels can be cleared, allowing for better circulation of fresh oil. This can lead to improved lubrication and cooling of engine components.
Restored Engine Performance: If sludge and deposits have been impacting the engine’s performance, Liqui Moly Engine Flush will help restore lost power and efficiency.
Extended Engine Life: By maintaining a cleaner engine, you might potentially extend the life of the engine and its components. Cleaner internal parts are less likely to suffer from excessive wear and tear. 


 
Mos2 Shooter Advantages:


Improved Lubrication: Liqui Moly Performance Pack for Himalayan Mos2 Shooter contains friction-reducing compounds that help minimize wear and friction between engine components. This can lead to smoother engine operation, reduced heat generation, and potentially extended engine life.
Engine Cleaning: Liqui Moly Mos2 Shooter is designed to clean and dissolve sludge, varnish, and other deposits that can accumulate in the engine over time. This can help maintain clear oil passages and prevent clogging, leading to better oil circulation and improved performance.
Better Fuel Efficiency: Liqui Moly Mos2 Shooter act as friction modifier and viscosity improver which contributes to improved fuel efficiency by reducing friction within the engine and promoting smoother operation.
Cold Weather Performance: Liqui Moly Mos2 Shooter is formulated to improve the oil’s flow properties at low temperatures, reducing engine startup wear and ensuring proper lubrication during cold starts.
Engine Protection: Liqui Moly Mos2 Shooter’s properties like Anti-wear, corrosion inhibitor and antioxidants can provide additional protection to critical engine components, helping to prevent damage from oxidation and corrosion.
Seal Conditioning: Liqui Moly Mos2 Shooter helps condition and rejuvenate seals and gaskets can potentially reduce oil leaks and maintain proper sealing integrity.
Noise Reduction: Liqui Moly Mos2 Shooter can help dampen engine noise and vibrations, contributing to a quieter and smoother engine operation.
Performance Enhancement: Liqui Moly Mos2 Shooter used to enhance engine performance in specific scenarios, such as racing or heavy-duty applications. These additives can optimize the oil’s properties for maximum power and efficiency.


 
4T Shooter Advantages:


Fuel System Cleaning: Liqui Moly Performance Pack Himalayan 4T Shooter can help clean fuel injectors, intake valves, and combustion chambers by breaking down carbon deposits, varnish, and other contaminants that can accumulate over time. This can result in improved fuel atomization, better combustion, and reduced emissions.

Improved Fuel Efficiency: Liqui Moly 4T Shooter Petrol Additive contain detergents and combustion enhancers that promote more efficient fuel combustion. This can lead to better fuel mileage and reduced fuel consumption.
Reduced Engine Knock: Liqui Moly 4T Shooter Petrol Additive has octane-boosting properties that can increase the octane rating of the fuel, reducing the likelihood of engine knocking or pinging. This is particularly beneficial for vehicles with high-performance engines or engines prone to knocking.
Emission Reduction: Liqui Moly 4T Shooter Petrol Additive improves combustion efficiency can also lead to reduced emissions, including lower levels of carbon monoxide (CO) and hydrocarbons (HC).
Cold Weather Performance: Liqui Moly 4T Shooter Petrol Additive is formulated to prevent fuel line freezing and improve cold-start performance, ensuring smooth engine operation in low temperatures.
Corrosion Protection: Liqui Moly 4T Shooter Petrol Additive provides corrosion inhibitors which helps in protecting the fuel system components, such as fuel tanks and fuel lines, from rust and corrosion caused by moisture in the fuel.
Stabilization of Fuel: Fuel stabilizers found in Liqui Moly 4T Shooter Petrol Additive helps prevent fuel degradation, varnish formation, and gum buildup during prolonged periods of vehicle inactivity.
Fuel Tank and System Cleaning: Liqui Moly 4T Shooter Petrol Additive helps preventing the accumulation of sediment and water in the fuel tank and fuel lines, maintaining clean and efficient fuel delivery.
Engine Performance Enhancement: Liqui Moly 4T Shooter Petrol Additive is formulated to enhance engine performance by optimizing the fuel’s combustion characteristics and improving power output.
Reduced Maintenance Costs: By keeping the fuel system clean and efficient, Liqui Moly 4T Shooter Petrol Additive can potentially reduce the need for costly maintenance and repairs related to fuel system issues.

Liqui Moly Performance Pack for Himalayan
Brand: Liqui Moly
Manufacturer: Liqui Moly 
Country of Origin: Germany",-,DUGDUG-1637,-,-,-,-,-,-,-,-,"['https://www.dugdugmotorcycles.com/wp-content/uploads/2023/08/Liqui-Moly-Performance-Pack-for-Royal-Enfield-Himalayan-Engine-Oil-Additive-Engine-Flush-Petrol-Additive-Dug-Dug-Motorcycles-510x510.webp', 'https://www.dugdugmotorcycles.com/wp-content/uploads/2023/08/liqui-moly-engine-oil-engine-flush-mos2-shooter-dug-dug-motorcycles-performance-pack-2-510x510.webp', 'https://www.dugdugmotorcycles.com/wp-content/uploads/2023/08/liqui-moly-engine-oil-engine-flush-mos2-shooter-dug-dug-motorcycles-performance-pack-510x506.webp', 'https://www.dugdugmotorcycles.com/wp-content/uploads/2023/08/liqui-moly-engine-oil-engine-flush-mos2-shooter-dug-dug-motorcycles-performance-pack-3-jpg.webp']","₹8,999.00",-,-,-,-,-,-,-,"₹3,200.00",-,-,-,-,-,-,-,-,-,-,-
Liqui Moly Performance Pack for Royal Enfield Hunter 350,"Liqui Moly Performance Pack for Hunter 350
Liqui Moly Performance Pack for Hunter 350 is a German brand that specializes in producing various automotive products, including engine oils, additives, lubricants, and car care products. Their engine oils are well-regarded for their quality and performance. Liqui Moly offers a wide range of engine oils tailored to different types of vehicles, engines, and driving conditions.
Their engine oils often come with various formulations, such as synthetic, semi-synthetic, and mineral oils, each designed to meet the specific needs of different engines and driving scenarios. Liqui Moly engine oils are known for providing improved engine protection, enhanced performance, and better fuel efficiency.
 

 
In the box:

2 x 15W-50 Street 1L
1 x Engine Flush Shooter 80 ml
1 x 4T Shooter Petrol Additive
1 x Mos2 Oil additive 20 ml

 



Liqui Moly Engine Flush Advantages:


Removal of Deposits and Sludge: Liqui Moly Performance Pack for Hunter 350 Engine flushing can help remove accumulated deposits, sludge, and varnish that may have formed in the engine over time. These contaminants can reduce engine efficiency, hinder oil flow, and potentially lead to engine problems.
Improved Oil Circulation: By removing deposits, the engine’s oil passages and channels can be cleared, allowing for better circulation of fresh oil. This can lead to improved lubrication and cooling of engine components.
Restored Engine Performance: If sludge and deposits have been impacting the engine’s performance, Liqui Moly Engine Flush will help restore lost power and efficiency.
Extended Engine Life: By maintaining a cleaner engine, you might potentially extend the life of the engine and its components. Cleaner internal parts are less likely to suffer from excessive wear and tear. 


 
Mos2 Shooter Advantages:


Improved Lubrication: Liqui Moly Performance Pack for Hunter 350 Mos2 Shooter contains friction-reducing compounds that help minimize wear and friction between engine components. This can lead to smoother engine operation, reduced heat generation, and potentially extended engine life.
Engine Cleaning: Liqui Moly Mos2 Shooter is designed to clean and dissolve sludge, varnish, and other deposits that can accumulate in the engine over time. This can help maintain clear oil passages and prevent clogging, leading to better oil circulation and improved performance.
Better Fuel Efficiency: Liqui Moly Mos2 Shooter act as friction modifier and viscosity improver which contributes to improved fuel efficiency by reducing friction within the engine and promoting smoother operation.
Cold Weather Performance: Liqui Moly Mos2 Shooter is formulated to improve the oil’s flow properties at low temperatures, reducing engine startup wear and ensuring proper lubrication during cold starts.
Engine Protection: Liqui Moly Mos2 Shooter’s properties like Anti-wear, corrosion inhibitor and antioxidants can provide additional protection to critical engine components, helping to prevent damage from oxidation and corrosion.
Seal Conditioning: Liqui Moly Mos2 Shooter helps condition and rejuvenate seals and gaskets can potentially reduce oil leaks and maintain proper sealing integrity.
Noise Reduction: Liqui Moly Mos2 Shooter can help dampen engine noise and vibrations, contributing to a quieter and smoother engine operation.
Performance Enhancement: Liqui Moly Mos2 Shooter used to enhance engine performance in specific scenarios, such as racing or heavy-duty applications. These additives can optimize the oil’s properties for maximum power and efficiency.


 
4T Shooter Advantages:


Fuel System Cleaning: Liqui Moly Performance Pack Hunter 350 4T Shooter can help clean fuel injectors, intake valves, and combustion chambers by breaking down carbon deposits, varnish, and other contaminants that can accumulate over time. This can result in improved fuel atomization, better combustion, and reduced emissions.

Improved Fuel Efficiency: Liqui Moly 4T Shooter Petrol Additive contain detergents and combustion enhancers that promote more efficient fuel combustion. This can lead to better fuel mileage and reduced fuel consumption.
Reduced Engine Knock: Liqui Moly 4T Shooter Petrol Additive has octane-boosting properties that can increase the octane rating of the fuel, reducing the likelihood of engine knocking or pinging. This is particularly beneficial for vehicles with high-performance engines or engines prone to knocking.
Emission Reduction: Liqui Moly 4T Shooter Petrol Additive improves combustion efficiency can also lead to reduced emissions, including lower levels of carbon monoxide (CO) and hydrocarbons (HC).
Cold Weather Performance: Liqui Moly 4T Shooter Petrol Additive is formulated to prevent fuel line freezing and improve cold-start performance, ensuring smooth engine operation in low temperatures.
Corrosion Protection: Liqui Moly 4T Shooter Petrol Additive provides corrosion inhibitors which helps in protecting the fuel system components, such as fuel tanks and fuel lines, from rust and corrosion caused by moisture in the fuel.
Stabilization of Fuel: Fuel stabilizers found in Liqui Moly 4T Shooter Petrol Additive helps prevent fuel degradation, varnish formation, and gum buildup during prolonged periods of vehicle inactivity.
Fuel Tank and System Cleaning: Liqui Moly 4T Shooter Petrol Additive helps preventing the accumulation of sediment and water in the fuel tank and fuel lines, maintaining clean and efficient fuel delivery.
Engine Performance Enhancement: Liqui Moly 4T Shooter Petrol Additive is formulated to enhance engine performance by optimizing the fuel’s combustion characteristics and improving power output.
Reduced Maintenance Costs: By keeping the fuel system clean and efficient, Liqui Moly 4T Shooter Petrol Additive can potentially reduce the need for costly maintenance and repairs related to fuel system issues.

Liqui Moly Performance Pack for Hunter 350
Brand: Liqui Moly
Manufacturer: Liqui Moly 
Country of Origin: Germany",-,DUGDUG-1636,-,-,-,-,-,-,-,-,"['https://www.dugdugmotorcycles.com/wp-content/uploads/2023/08/Liqui-Moly-Performance-Pack-for-Royal-Enfield-Hunter-350-Engine-Oil-Additive-Engine-Flush-Petrol-Additive-Dug-Dug-Motorcycles-510x510.webp', 'https://www.dugdugmotorcycles.com/wp-content/uploads/2023/08/liqui-moly-engine-oil-engine-flush-mos2-shooter-dug-dug-motorcycles-performance-pack-2-510x510.webp', 'https://www.dugdugmotorcycles.com/wp-content/uploads/2023/08/liqui-moly-engine-oil-engine-flush-mos2-shooter-dug-dug-motorcycles-performance-pack-510x506.webp', 'https://www.dugdugmotorcycles.com/wp-content/uploads/2023/08/liqui-moly-engine-oil-engine-flush-mos2-shooter-dug-dug-motorcycles-performance-pack-3-jpg.webp']","₹8,999.00",-,-,-,-,-,-,-,"₹3,200.00",-,-,-,-,-,-,-,-,-,-,-
Liqui Moly Performance Pack for Royal Enfield Thunderbird X 350,"Liqui Moly Performance Pack for Thunderbird X 350
Liqui Moly Performance Pack for Thunderbird X 350 is a German brand that specializes in producing various automotive products, including engine oils, additives, lubricants, and car care products. Their engine oils are well-regarded for their quality and performance. Liqui Moly offers a wide range of engine oils tailored to different types of vehicles, engines, and driving conditions.
Their engine oils often come with various formulations, such as synthetic, semi-synthetic, and mineral oils, each designed to meet the specific needs of different engines and driving scenarios. Liqui Moly engine oils are known for providing improved engine protection, enhanced performance, and better fuel efficiency.
 

 
In the box:

3 x 15W-50 Street Race 1L
1 x Engine Flush Shooter 80 ml
1 x 4T Shooter Petrol Additive
2 x Mos2 Oil additive 20 ml

 



Liqui Moly Engine Flush Advantages:


Removal of Deposits and Sludge: Liqui Moly Performance Pack for Thunderbird X 350 Engine flushing can help remove accumulated deposits, sludge, and varnish that may have formed in the engine over time. These contaminants can reduce engine efficiency, hinder oil flow, and potentially lead to engine problems.
Improved Oil Circulation: By removing deposits, the engine’s oil passages and channels can be cleared, allowing for better circulation of fresh oil. This can lead to improved lubrication and cooling of engine components.
Restored Engine Performance: If sludge and deposits have been impacting the engine’s performance, Liqui Moly Engine Flush will help restore lost power and efficiency.
Extended Engine Life: By maintaining a cleaner engine, you might potentially extend the life of the engine and its components. Cleaner internal parts are less likely to suffer from excessive wear and tear. 


 
Mos2 Shooter Advantages:


Improved Lubrication: Liqui Moly Performance Pack for Thunderbird X 350 Mos2 Shooter contains friction-reducing compounds that help minimize wear and friction between engine components. This can lead to smoother engine operation, reduced heat generation, and potentially extended engine life.
Engine Cleaning: Liqui Moly Mos2 Shooter is designed to clean and dissolve sludge, varnish, and other deposits that can accumulate in the engine over time. This can help maintain clear oil passages and prevent clogging, leading to better oil circulation and improved performance.
Better Fuel Efficiency: Liqui Moly Mos2 Shooter act as friction modifier and viscosity improver which contributes to improved fuel efficiency by reducing friction within the engine and promoting smoother operation.
Cold Weather Performance: Liqui Moly Mos2 Shooter is formulated to improve the oil’s flow properties at low temperatures, reducing engine startup wear and ensuring proper lubrication during cold starts.
Engine Protection: Liqui Moly Mos2 Shooter’s properties like Anti-wear, corrosion inhibitor and antioxidants can provide additional protection to critical engine components, helping to prevent damage from oxidation and corrosion.
Seal Conditioning: Liqui Moly Mos2 Shooter helps condition and rejuvenate seals and gaskets can potentially reduce oil leaks and maintain proper sealing integrity.
Noise Reduction: Liqui Moly Mos2 Shooter can help dampen engine noise and vibrations, contributing to a quieter and smoother engine operation.
Performance Enhancement: Liqui Moly Mos2 Shooter used to enhance engine performance in specific scenarios, such as racing or heavy-duty applications. These additives can optimize the oil’s properties for maximum power and efficiency.


 
4T Shooter Advantages:


Fuel System Cleaning: Liqui Moly Performance Pack Thunderbird X 350 4T Shooter can help clean fuel injectors, intake valves, and combustion chambers by breaking down carbon deposits, varnish, and other contaminants that can accumulate over time. This can result in improved fuel atomization, better combustion, and reduced emissions.

Improved Fuel Efficiency: Liqui Moly 4T Shooter Petrol Additive contain detergents and combustion enhancers that promote more efficient fuel combustion. This can lead to better fuel mileage and reduced fuel consumption.
Reduced Engine Knock: Liqui Moly 4T Shooter Petrol Additive has octane-boosting properties that can increase the octane rating of the fuel, reducing the likelihood of engine knocking or pinging. This is particularly beneficial for vehicles with high-performance engines or engines prone to knocking.
Emission Reduction: Liqui Moly 4T Shooter Petrol Additive improves combustion efficiency can also lead to reduced emissions, including lower levels of carbon monoxide (CO) and hydrocarbons (HC).
Cold Weather Performance: Liqui Moly 4T Shooter Petrol Additive is formulated to prevent fuel line freezing and improve cold-start performance, ensuring smooth engine operation in low temperatures.
Corrosion Protection: Liqui Moly 4T Shooter Petrol Additive provides corrosion inhibitors which helps in protecting the fuel system components, such as fuel tanks and fuel lines, from rust and corrosion caused by moisture in the fuel.
Stabilization of Fuel: Fuel stabilizers found in Liqui Moly 4T Shooter Petrol Additive helps prevent fuel degradation, varnish formation, and gum buildup during prolonged periods of vehicle inactivity.
Fuel Tank and System Cleaning: Liqui Moly 4T Shooter Petrol Additive helps preventing the accumulation of sediment and water in the fuel tank and fuel lines, maintaining clean and efficient fuel delivery.
Engine Performance Enhancement: Liqui Moly 4T Shooter Petrol Additive is formulated to enhance engine performance by optimizing the fuel’s combustion characteristics and improving power output.
Reduced Maintenance Costs: By keeping the fuel system clean and efficient, Liqui Moly 4T Shooter Petrol Additive can potentially reduce the need for costly maintenance and repairs related to fuel system issues.

Liqui Moly Performance Pack for Thunderbird X 350
Brand: Liqui Moly
Manufacturer: Liqui Moly 
Country of Origin: Germany",-,DUGDUG-1635,-,-,-,-,-,-,-,-,"['https://www.dugdugmotorcycles.com/wp-content/uploads/2023/08/Liqui-Moly-Performance-Pack-for-Royal-Enfield-Thunderbird-X-350-Engine-Oil-Additive-Engine-Flush-Petrol-Additive-Dug-Dug-Motorcycles-1-510x510.webp', 'https://www.dugdugmotorcycles.com/wp-content/uploads/2023/08/liqui-moly-engine-oil-engine-flush-mos2-shooter-dug-dug-motorcycles-performance-pack-2-510x510.webp', 'https://www.dugdugmotorcycles.com/wp-content/uploads/2023/08/liqui-moly-engine-oil-engine-flush-mos2-shooter-dug-dug-motorcycles-performance-pack-510x506.webp', 'https://www.dugdugmotorcycles.com/wp-content/uploads/2023/08/liqui-moly-engine-oil-engine-flush-mos2-shooter-dug-dug-motorcycles-performance-pack-3-jpg.webp']",$278.97,-,-,-,-,-,-,-,,-,-,-,-,-,-,-,-,-,-,-
Liqui Moly Performance Pack for Royal Enfield Thunderbird 350 / 500,"Liqui Moly Performance Pack for Thunderbird 350 / 500
Liqui Moly Performance Pack for Thunderbird 350 is a German brand that specializes in producing various automotive products, including engine oils, additives, lubricants, and car care products. Their engine oils are well-regarded for their quality and performance. Liqui Moly offers a wide range of engine oils tailored to different types of vehicles, engines, and driving conditions.
Their engine oils often come with various formulations, such as synthetic, semi-synthetic, and mineral oils, each designed to meet the specific needs of different engines and driving scenarios. Liqui Moly engine oils are known for providing improved engine protection, enhanced performance, and better fuel efficiency.
 

 
In the box:

3 x 15W-50 Street Race 1L
1 x Engine Flush Shooter 80 ml
1 x 4T Shooter Petrol Additive
2 x Mos2 Oil additive 20 ml

 



Liqui Moly Engine Flush Advantages:


Removal of Deposits and Sludge: Liqui Moly Performance Pack for Thunderbird 350 Engine flushing can help remove accumulated deposits, sludge, and varnish that may have formed in the engine over time. These contaminants can reduce engine efficiency, hinder oil flow, and potentially lead to engine problems.
Improved Oil Circulation: By removing deposits, the engine’s oil passages and channels can be cleared, allowing for better circulation of fresh oil. This can lead to improved lubrication and cooling of engine components.
Restored Engine Performance: If sludge and deposits have been impacting the engine’s performance, Liqui Moly Engine Flush will help restore lost power and efficiency.
Extended Engine Life: By maintaining a cleaner engine, you might potentially extend the life of the engine and its components. Cleaner internal parts are less likely to suffer from excessive wear and tear. 


 
Mos2 Shooter Advantages:


Improved Lubrication: Liqui Moly Performance Pack for Thunderbird 350 Mos2 Shooter contains friction-reducing compounds that help minimize wear and friction between engine components. This can lead to smoother engine operation, reduced heat generation, and potentially extended engine life.
Engine Cleaning: Liqui Moly Mos2 Shooter is designed to clean and dissolve sludge, varnish, and other deposits that can accumulate in the engine over time. This can help maintain clear oil passages and prevent clogging, leading to better oil circulation and improved performance.
Better Fuel Efficiency: Liqui Moly Mos2 Shooter act as friction modifier and viscosity improver which contributes to improved fuel efficiency by reducing friction within the engine and promoting smoother operation.
Cold Weather Performance: Liqui Moly Mos2 Shooter is formulated to improve the oil’s flow properties at low temperatures, reducing engine startup wear and ensuring proper lubrication during cold starts.
Engine Protection: Liqui Moly Mos2 Shooter’s properties like Anti-wear, corrosion inhibitor and antioxidants can provide additional protection to critical engine components, helping to prevent damage from oxidation and corrosion.
Seal Conditioning: Liqui Moly Mos2 Shooter helps condition and rejuvenate seals and gaskets can potentially reduce oil leaks and maintain proper sealing integrity.
Noise Reduction: Liqui Moly Mos2 Shooter can help dampen engine noise and vibrations, contributing to a quieter and smoother engine operation.
Performance Enhancement: Liqui Moly Mos2 Shooter used to enhance engine performance in specific scenarios, such as racing or heavy-duty applications. These additives can optimize the oil’s properties for maximum power and efficiency.


 
4T Shooter Advantages:


Fuel System Cleaning: Liqui Moly Performance Pack Thunderbird 350 4T Shooter can help clean fuel injectors, intake valves, and combustion chambers by breaking down carbon deposits, varnish, and other contaminants that can accumulate over time. This can result in improved fuel atomization, better combustion, and reduced emissions.

Improved Fuel Efficiency: Liqui Moly 4T Shooter Petrol Additive contain detergents and combustion enhancers that promote more efficient fuel combustion. This can lead to better fuel mileage and reduced fuel consumption.
Reduced Engine Knock: Liqui Moly 4T Shooter Petrol Additive has octane-boosting properties that can increase the octane rating of the fuel, reducing the likelihood of engine knocking or pinging. This is particularly beneficial for vehicles with high-performance engines or engines prone to knocking.
Emission Reduction: Liqui Moly 4T Shooter Petrol Additive improves combustion efficiency can also lead to reduced emissions, including lower levels of carbon monoxide (CO) and hydrocarbons (HC).
Cold Weather Performance: Liqui Moly 4T Shooter Petrol Additive is formulated to prevent fuel line freezing and improve cold-start performance, ensuring smooth engine operation in low temperatures.
Corrosion Protection: Liqui Moly 4T Shooter Petrol Additive provides corrosion inhibitors which helps in protecting the fuel system components, such as fuel tanks and fuel lines, from rust and corrosion caused by moisture in the fuel.
Stabilization of Fuel: Fuel stabilizers found in Liqui Moly 4T Shooter Petrol Additive helps prevent fuel degradation, varnish formation, and gum buildup during prolonged periods of vehicle inactivity.
Fuel Tank and System Cleaning: Liqui Moly 4T Shooter Petrol Additive helps preventing the accumulation of sediment and water in the fuel tank and fuel lines, maintaining clean and efficient fuel delivery.
Engine Performance Enhancement: Liqui Moly 4T Shooter Petrol Additive is formulated to enhance engine performance by optimizing the fuel’s combustion characteristics and improving power output.
Reduced Maintenance Costs: By keeping the fuel system clean and efficient, Liqui Moly 4T Shooter Petrol Additive can potentially reduce the need for costly maintenance and repairs related to fuel system issues.

Liqui Moly Performance Pack for Thunderbird 350 / 500
Brand: Liqui Moly
Manufacturer: Liqui Moly 
Country of Origin: Germany",-,DUGDUG-1634,-,-,-,-,-,-,-,-,"['https://www.dugdugmotorcycles.com/wp-content/uploads/2023/08/Liqui-Moly-Performance-Pack-for-Royal-Enfield-Thunderbird-350-Engine-Oil-Additive-Engine-Flush-Petrol-Additive-Dug-Dug-Motorcycles-510x510.webp', 'https://www.dugdugmotorcycles.com/wp-content/uploads/2023/08/liqui-moly-engine-oil-engine-flush-mos2-shooter-dug-dug-motorcycles-performance-pack-2-510x510.webp', 'https://www.dugdugmotorcycles.com/wp-content/uploads/2023/08/liqui-moly-engine-oil-engine-flush-mos2-shooter-dug-dug-motorcycles-performance-pack-510x506.webp', 'https://www.dugdugmotorcycles.com/wp-content/uploads/2023/08/liqui-moly-engine-oil-engine-flush-mos2-shooter-dug-dug-motorcycles-performance-pack-3-jpg.webp']","₹8,999.00",-,-,-,-,-,-,-,"₹4,350.00",-,-,-,-,-,-,-,-,-,-,-
Liqui Moly Performance Pack for Royal Enfield Classic 350 / 500,"Liqui Moly Performance Pack for Classic 350 / 500
Liqui Moly Performance Pack for Classic 350 is a German brand that specializes in producing various automotive products, including engine oils, additives, lubricants, and car care products. Their engine oils are well-regarded for their quality and performance. Liqui Moly offers a wide range of engine oils tailored to different types of vehicles, engines, and driving conditions.
Their engine oils often come with various formulations, such as synthetic, semi-synthetic, and mineral oils, each designed to meet the specific needs of different engines and driving scenarios. Liqui Moly engine oils are known for providing improved engine protection, enhanced performance, and better fuel efficiency.
 

 
In the box:

3 x 15W-50 Street 1L
1 x Engine Flush Shooter 80 ml
1 x 4T Shooter Petrol Additive
2 x Mos2 Oil additive 20 ml

 



Liqui Moly Engine Flush Advantages:


Removal of Deposits and Sludge: Liqui Moly Performance Pack for Classic 350 Engine flushing can help remove accumulated deposits, sludge, and varnish that may have formed in the engine over time. These contaminants can reduce engine efficiency, hinder oil flow, and potentially lead to engine problems.
Improved Oil Circulation: By removing deposits, the engine’s oil passages and channels can be cleared, allowing for better circulation of fresh oil. This can lead to improved lubrication and cooling of engine components.
Restored Engine Performance: If sludge and deposits have been impacting the engine’s performance, Liqui Moly Engine Flush will help restore lost power and efficiency.
Extended Engine Life: By maintaining a cleaner engine, you might potentially extend the life of the engine and its components. Cleaner internal parts are less likely to suffer from excessive wear and tear. 


 
Mos2 Shooter Advantages:


Improved Lubrication: Liqui Moly Performance Pack for Classic 350 Mos2 Shooter contains friction-reducing compounds that help minimize wear and friction between engine components. This can lead to smoother engine operation, reduced heat generation, and potentially extended engine life.
Engine Cleaning: Liqui Moly Mos2 Shooter is designed to clean and dissolve sludge, varnish, and other deposits that can accumulate in the engine over time. This can help maintain clear oil passages and prevent clogging, leading to better oil circulation and improved performance.
Better Fuel Efficiency: Liqui Moly Mos2 Shooter act as friction modifier and viscosity improver which contributes to improved fuel efficiency by reducing friction within the engine and promoting smoother operation.
Cold Weather Performance: Liqui Moly Mos2 Shooter is formulated to improve the oil’s flow properties at low temperatures, reducing engine startup wear and ensuring proper lubrication during cold starts.
Engine Protection: Liqui Moly Mos2 Shooter’s properties like Anti-wear, corrosion inhibitor and antioxidants can provide additional protection to critical engine components, helping to prevent damage from oxidation and corrosion.
Seal Conditioning: Liqui Moly Mos2 Shooter helps condition and rejuvenate seals and gaskets can potentially reduce oil leaks and maintain proper sealing integrity.
Noise Reduction: Liqui Moly Mos2 Shooter can help dampen engine noise and vibrations, contributing to a quieter and smoother engine operation.
Performance Enhancement: Liqui Moly Mos2 Shooter used to enhance engine performance in specific scenarios, such as racing or heavy-duty applications. These additives can optimize the oil’s properties for maximum power and efficiency.


 
4T Shooter Advantages:


Fuel System Cleaning: Liqui Moly Performance Pack Classic 350 4T Shooter can help clean fuel injectors, intake valves, and combustion chambers by breaking down carbon deposits, varnish, and other contaminants that can accumulate over time. This can result in improved fuel atomization, better combustion, and reduced emissions.

Improved Fuel Efficiency: Liqui Moly 4T Shooter Petrol Additive contain detergents and combustion enhancers that promote more efficient fuel combustion. This can lead to better fuel mileage and reduced fuel consumption.
Reduced Engine Knock: Liqui Moly 4T Shooter Petrol Additive has octane-boosting properties that can increase the octane rating of the fuel, reducing the likelihood of engine knocking or pinging. This is particularly beneficial for vehicles with high-performance engines or engines prone to knocking.
Emission Reduction: Liqui Moly 4T Shooter Petrol Additive improves combustion efficiency can also lead to reduced emissions, including lower levels of carbon monoxide (CO) and hydrocarbons (HC).
Cold Weather Performance: Liqui Moly 4T Shooter Petrol Additive is formulated to prevent fuel line freezing and improve cold-start performance, ensuring smooth engine operation in low temperatures.
Corrosion Protection: Liqui Moly 4T Shooter Petrol Additive provides corrosion inhibitors which helps in protecting the fuel system components, such as fuel tanks and fuel lines, from rust and corrosion caused by moisture in the fuel.
Stabilization of Fuel: Fuel stabilizers found in Liqui Moly 4T Shooter Petrol Additive helps prevent fuel degradation, varnish formation, and gum buildup during prolonged periods of vehicle inactivity.
Fuel Tank and System Cleaning: Liqui Moly 4T Shooter Petrol Additive helps preventing the accumulation of sediment and water in the fuel tank and fuel lines, maintaining clean and efficient fuel delivery.
Engine Performance Enhancement: Liqui Moly 4T Shooter Petrol Additive is formulated to enhance engine performance by optimizing the fuel’s combustion characteristics and improving power output.
Reduced Maintenance Costs: By keeping the fuel system clean and efficient, Liqui Moly 4T Shooter Petrol Additive can potentially reduce the need for costly maintenance and repairs related to fuel system issues.

Liqui Moly Performance Pack for Classic 350 / 500
Brand: Liqui Moly
Manufacturer: Liqui Moly 
Country of Origin: Germany",-,DUGDUG-1633,-,-,-,-,-,-,-,-,"['https://www.dugdugmotorcycles.com/wp-content/uploads/2023/08/Liqui-Moly-Performance-Pack-for-Royal-Enfield-Classic-350-Engine-Oil-Additive-Engine-Flush-Petrol-Additive-Dug-Dug-Motorcycles-510x510.webp', 'https://www.dugdugmotorcycles.com/wp-content/uploads/2023/08/liqui-moly-engine-oil-engine-flush-mos2-shooter-dug-dug-motorcycles-performance-pack-2-510x510.webp', 'https://www.dugdugmotorcycles.com/wp-content/uploads/2023/08/liqui-moly-engine-oil-engine-flush-mos2-shooter-dug-dug-motorcycles-performance-pack-510x506.webp', 'https://www.dugdugmotorcycles.com/wp-content/uploads/2023/08/liqui-moly-engine-oil-engine-flush-mos2-shooter-dug-dug-motorcycles-performance-pack-3-jpg.webp']",$278.97,-,-,-,-,-,-,-,,-,-,-,-,-,-,-,-,-,-,-
Liqui Moly Performance Pack for Royal Enfield Continental GT 650,"Liqui Moly Performance Pack for Continental GT 650
Liqui Moly Performance Pack for Continental GT 650 is a German brand that specializes in producing various automotive products, including engine oils, additives, lubricants, and car care products. Their engine oils are well-regarded for their quality and performance. Liqui Moly offers a wide range of engine oils tailored to different types of vehicles, engines, and driving conditions.
Their engine oils often come with various formulations, such as synthetic, semi-synthetic, and mineral oils, each designed to meet the specific needs of different engines and driving scenarios. Liqui Moly engine oils are known for providing improved engine protection, enhanced performance, and better fuel efficiency.
 

 
In the box:

3 x 10W-50 Street Race 1L
1 x Engine Flush Shooter 80 ml
1 x 4T Shooter Petrol Additive
2 x Mos2 Oil additive 20 ml

 

Liqui Moly Engine Flush Advantages:


Removal of Deposits and Sludge: Liqui Moly Performance Pack for Continental GT 650 Engine flushing can help remove accumulated deposits, sludge, and varnish that may have formed in the engine over time. These contaminants can reduce engine efficiency, hinder oil flow, and potentially lead to engine problems.
Improved Oil Circulation: By removing deposits, the engine’s oil passages and channels can be cleared, allowing for better circulation of fresh oil. This can lead to improved lubrication and cooling of engine components.
Restored Engine Performance: If sludge and deposits have been impacting the engine’s performance, Liqui Moly Engine Flush will help restore lost power and efficiency.
Extended Engine Life: By maintaining a cleaner engine, you might potentially extend the life of the engine and its components. Cleaner internal parts are less likely to suffer from excessive wear and tear. 


 
Mos2 Shooter Advantages:


Improved Lubrication: Liqui Moly Performance Pack for Continental GT 650 Mos2 Shooter contains friction-reducing compounds that help minimize wear and friction between engine components. This can lead to smoother engine operation, reduced heat generation, and potentially extended engine life.
Engine Cleaning: Liqui Moly Mos2 Shooter is designed to clean and dissolve sludge, varnish, and other deposits that can accumulate in the engine over time. This can help maintain clear oil passages and prevent clogging, leading to better oil circulation and improved performance.
Better Fuel Efficiency: Liqui Moly Mos2 Shooter act as friction modifier and viscosity improver which contributes to improved fuel efficiency by reducing friction within the engine and promoting smoother operation.
Cold Weather Performance: Liqui Moly Mos2 Shooter is formulated to improve the oil’s flow properties at low temperatures, reducing engine startup wear and ensuring proper lubrication during cold starts.
Engine Protection: Liqui Moly Mos2 Shooter’s properties like Anti-wear, corrosion inhibitor and antioxidants can provide additional protection to critical engine components, helping to prevent damage from oxidation and corrosion.
Seal Conditioning: Liqui Moly Mos2 Shooter helps condition and rejuvenate seals and gaskets can potentially reduce oil leaks and maintain proper sealing integrity.
Noise Reduction: Liqui Moly Mos2 Shooter can help dampen engine noise and vibrations, contributing to a quieter and smoother engine operation.
Performance Enhancement: Liqui Moly Mos2 Shooter used to enhance engine performance in specific scenarios, such as racing or heavy-duty applications. These additives can optimize the oil’s properties for maximum power and efficiency.


 
4T Shooter Advantages:


Fuel System Cleaning: Liqui Moly Performance Pack Continental GT 650 4T Shooter can help clean fuel injectors, intake valves, and combustion chambers by breaking down carbon deposits, varnish, and other contaminants that can accumulate over time. This can result in improved fuel atomization, better combustion, and reduced emissions.

Improved Fuel Efficiency: Liqui Moly 4T Shooter Petrol Additive contain detergents and combustion enhancers that promote more efficient fuel combustion. This can lead to better fuel mileage and reduced fuel consumption.
Reduced Engine Knock: Liqui Moly 4T Shooter Petrol Additive has octane-boosting properties that can increase the octane rating of the fuel, reducing the likelihood of engine knocking or pinging. This is particularly beneficial for vehicles with high-performance engines or engines prone to knocking.
Emission Reduction: Liqui Moly 4T Shooter Petrol Additive improves combustion efficiency can also lead to reduced emissions, including lower levels of carbon monoxide (CO) and hydrocarbons (HC).
Cold Weather Performance: Liqui Moly 4T Shooter Petrol Additive is formulated to prevent fuel line freezing and improve cold-start performance, ensuring smooth engine operation in low temperatures.
Corrosion Protection: Liqui Moly 4T Shooter Petrol Additive provides corrosion inhibitors which helps in protecting the fuel system components, such as fuel tanks and fuel lines, from rust and corrosion caused by moisture in the fuel.
Stabilization of Fuel: Fuel stabilizers found in Liqui Moly 4T Shooter Petrol Additive helps prevent fuel degradation, varnish formation, and gum buildup during prolonged periods of vehicle inactivity.
Fuel Tank and System Cleaning: Liqui Moly 4T Shooter Petrol Additive helps preventing the accumulation of sediment and water in the fuel tank and fuel lines, maintaining clean and efficient fuel delivery.
Engine Performance Enhancement: Liqui Moly 4T Shooter Petrol Additive is formulated to enhance engine performance by optimizing the fuel’s combustion characteristics and improving power output.
Reduced Maintenance Costs: By keeping the fuel system clean and efficient, Liqui Moly 4T Shooter Petrol Additive can potentially reduce the need for costly maintenance and repairs related to fuel system issues.

Liqui Moly Performance Pack for Continental GT 650
Brand: Liqui Moly
Manufacturer: Liqui Moly 
Country of Origin: Germany",-,DUGDUG-1632,-,-,-,-,-,-,-,-,"['https://www.dugdugmotorcycles.com/wp-content/uploads/2023/08/royal-enfield-continental-GT-650-peroformance-pack-liqui-moly-engine-oil-flush-additive_001-510x510.webp', 'https://www.dugdugmotorcycles.com/wp-content/uploads/2023/08/liqui-moly-engine-oil-engine-flush-mos2-shooter-dug-dug-motorcycles-performance-pack-2-510x510.webp', 'https://www.dugdugmotorcycles.com/wp-content/uploads/2023/08/liqui-moly-engine-oil-engine-flush-mos2-shooter-dug-dug-motorcycles-performance-pack-510x506.webp', 'https://www.dugdugmotorcycles.com/wp-content/uploads/2023/08/liqui-moly-engine-oil-engine-flush-mos2-shooter-dug-dug-motorcycles-performance-pack-3-jpg.webp']","₹8,999.00",-,-,-,-,-,-,-,"₹5,700.00",-,-,-,-,-,-,-,-,-,-,-
Liqui Moly Motorbike 4T Additive and Engine Oil Flush + Oil Additive Mos2 Shooter Performance pack,"Weight
0.5 kg",-,DUGDUG-1314,-,-,-,-,-,-,-,-,['https://www.dugdugmotorcycles.com/wp-content/uploads/2022/02/liqui-moly-performance-oil-additive-petrol-additive-mos2-shooter_001-510x510.webp'],₹915.00,-,-,-,-,-,-,-,₹849.00,-,-,-,-,-,-,-,-,-,-,-
Liqui Moly Motorbike Engine Oil Flush and Engine Oil Additive Performance pack,"Weight
0.5 kg",-,DUGDUG-1313,-,-,-,-,-,-,-,-,['https://www.dugdugmotorcycles.com/wp-content/uploads/2022/02/dug-dug-liqui-moly-engine-flush-engine-oil-additive-510x510.jpg'],₹598.00,-,-,-,-,-,-,-,₹598.00,-,-,-,-,-,-,-,-,-,-,-
Liqui Moly Motorbike 4T Additive and Engine Flush Performance pack,"Weight
0.5 kg",-,DUGDUG-1312,-,-,-,-,-,-,-,-,['https://www.dugdugmotorcycles.com/wp-content/uploads/2022/02/dug-dug-liqui-moly-engine-flush-petrol-additive-performace-engine-oil-510x510.jpg'],₹598.00,-,-,-,-,-,-,-,₹598.00,-,-,-,-,-,-,-,-,-,-,-
Liqui Moly Oil Additive MOS2 Shooter (20 ml),"Liqui Moly Oil Additive
Liqui Moly Oil Additive is a German brand that specializes in producing various automotive products, including engine oils, additives, lubricants, and car care products. Their engine oils are well-regarded for their quality and performance. Liqui Moly offers a wide range of engine oils tailored to different types of vehicles, engines, and driving conditions.
Their engine oils often come with various formulations, such as synthetic, semi-synthetic, and mineral oils, each designed to meet the specific needs of different engines and driving scenarios. Liqui Moly engine oils are known for providing improved engine protection, enhanced performance, and better fuel efficiency.

 
Features:

Solid Lubrication: Liqui Moly Oil Additive MoS2 Shooter is a solid lubricant that adheres to metal surfaces in the engine. When added to the engine oil, it forms a durable and friction-reducing film on engine components, such as pistons, rings, and bearings.
Friction Reduction: One of the primary functions of MoS2 is to reduce friction between moving engine parts. This friction reduction can lead to improved engine efficiency, reduced wear and tear on engine components, and potentially better fuel economy.
Cold-Start Protection: During cold starts, when engine oil may not have fully circulated, MoS2 provides an additional layer of protection. It helps prevent dry starts by offering lubrication until the engine warms up and the oil flows more freely.
High-Temperature Stability: MoS2 is known for its ability to withstand high temperatures without breaking down. This makes it suitable for use in engines exposed to high-temperature conditions, such as high-performance and turbocharged engines.
Engine Longevity: The reduced friction and wear provided by MoS2 can contribute to longer engine life. By minimizing metal-to-metal contact and protecting engine components, it helps extend the overall durability of the engine.





Weight
0.1 kg",-,DUGDUG-1311,-,-,-,-,-,-,-,-,['https://www.dugdugmotorcycles.com/wp-content/uploads/2022/02/liqui-moly-performance-oil-Additive-MOS2-Shooter_001-510x510.webp'],₹305.00,-,-,-,-,-,-,-,₹295.00,-,-,-,-,-,-,-,-,-,-,-
Liqui Moly Motorbike Engine Flush Shooter (80 ml),"Weight
0.3 kg",-,DUGDUG-1310,-,-,-,-,-,-,-,-,['https://www.dugdugmotorcycles.com/wp-content/uploads/2022/02/liqui-moly-performance-engine-flush-shooter_001-510x510.webp'],₹305.00,-,-,-,-,-,-,-,₹295.00,-,-,-,-,-,-,-,-,-,-,-
Liqui Moly Motorbike 4T Speed Shooter (80 ml),"Weight
0.3 kg",-,DUGDUG-1309,-,-,-,-,-,-,-,-,['https://www.dugdugmotorcycles.com/wp-content/uploads/2022/02/liqui-moly-performance-4T-Additive-shooter-petrol-additive_001-510x510.webp'],₹305.00,-,-,-,-,-,-,-,₹295.00,-,-,-,-,-,-,-,-,-,-,-
