Product name,Description,Slug,SKU,Auto Generate SKU,Categories,Status,Is featured?,Brand,Product collections,Labels,Taxes,Images,Price,Product attributes,Import type,Is variation default?,Stock status,With storehouse management,Quantity,Allow checkout when out of stock,Sale price,Start date sale price,End date sale price,Weight,Length,Wide,Height,Cost per item,Barcode,Content,Tags,Vendor
Dug Dug Canvas Bags and Saddle Stay Set for Royal Enfield Super Meteor 650 – Khaki,"Dug Dug Canvas Bags and Saddle Stay Set for Royal Enfield Super Meteor 650 – Khaki
Dug Dug Canvas Bag Saddle Stay Set for Royal Enfield Super Meteor 650 rests comfortably on its dedicated mounting rail, available separately. The water-resistant waxed canvas bag is heavy duty but easy to mount and remove with the quick release straps. Dug Dug Canvas bags are premium range of bags with affordable price. These are suitable for long and short trips, daily office routine or essential daily items for everyday use. Dug Dug Canvas Bags are made from Premium Quality Highly Durable Pure Canvas Fabric. These bags are Pure Canvas from outside and fully waterproof. The size of these bags gets doubled as it has same size additional fabric inside which can be pulled out. High Quality clamps and buckles used while crafting this bag.
 
Check Video:

 




Weight
6.0 kg",-,DUGDUG-1608,-,-,-,-,CANVAS,-,-,-,['https://www.dugdugmotorcycles.com/wp-content/uploads/2023/07/dug-dug-royal-enfield-canvas-bag-saddle-stay-for-royal-enfield-super-meteor-650-4-510x510.jpg'],"₹7,000.00",-,-,-,-,-,-,-,"₹4,600.00",-,-,-,-,-,-,-,-,-,-,-
Dug Dug Canvas Bags and Saddle Stay Set for Royal Enfield Super Meteor 650 – Black,"Dug Dug Canvas Bags and Saddle Stay Set for Royal Enfield Super Meteor 650 – Black
Dug Dug Canvas Bag Saddle Stay Set for Royal Enfield Super Meteor 650 rests comfortably on its dedicated mounting rail, available separately. The water-resistant waxed canvas bag is heavy duty but easy to mount and remove with the quick release straps. Dug Dug Canvas bags are premium range of bags with affordable price. These are suitable for long and short trips, daily office routine or essential daily items for everyday use. Dug Dug Canvas Bags are made from Premium Quality Highly Durable Pure Canvas Fabric. These bags are Pure Canvas from outside and fully waterproof. The size of these bags gets doubled as it has same size additional fabric inside which can be pulled out. High Quality clamps and buckles used while crafting this bag.
 
Check Video:

 




Weight
6.0 kg",-,DUGDUG-1607,-,-,-,-,CANVAS,-,-,-,['https://www.dugdugmotorcycles.com/wp-content/uploads/2023/07/dug-dug-royal-enfield-canvas-bag-saddle-stay-for-royal-enfield-super-meteor-650-1-510x510.jpg'],"₹7,000.00",-,-,-,-,-,-,-,"₹4,600.00",-,-,-,-,-,-,-,-,-,-,-
Dug Dug Canvas Bags and Saddle Stay Set for Royal Enfield Super Meteor 650 – Army Green,"Dug Dug Canvas Bags and Saddle Stay Set for Royal Enfield Super Meteor 650 – Army Green
Dug Dug Canvas Bag Saddle Stay Set for Royal Enfield Super Meteor 650 rests comfortably on its dedicated mounting rail, available separately. The water-resistant waxed canvas bag is heavy duty but easy to mount and remove with the quick release straps. Dug Dug Canvas bags are premium range of bags with affordable price. These are suitable for long and short trips, daily office routine or essential daily items for everyday use. Dug Dug Canvas Bags are made from Premium Quality Highly Durable Pure Canvas Fabric. These bags are Pure Canvas from outside and fully waterproof. The size of these bags gets doubled as it has same size additional fabric inside which can be pulled out. High Quality clamps and buckles used while crafting this bag.
 
Check Video:

 




Weight
6.0 kg",-,DUGDUG-1606,-,-,-,-,CANVAS,-,-,-,['https://www.dugdugmotorcycles.com/wp-content/uploads/2023/07/dug-dug-royal-enfield-canvas-bag-saddle-stay-for-royal-enfield-super-meteor-650-3-510x510.jpg'],"₹7,000.00",-,-,-,-,-,-,-,"₹4,600.00",-,-,-,-,-,-,-,-,-,-,-
Dug Dug Canvas Bags and Saddle Stay Set for Royal Enfield Super Meteor 650 – Dark Khaki,"Dug Dug Canvas Bags and Saddle Stay Set for Royal Enfield Super Meteor 650 – Dark Khaki
Dug Dug Canvas Bag Saddle Stay Set for Royal Enfield Super Meteor 650 rests comfortably on its dedicated mounting rail, available separately. The water-resistant waxed canvas bag is heavy duty but easy to mount and remove with the quick release straps. Dug Dug Canvas bags are premium range of bags with affordable price. These are suitable for long and short trips, daily office routine or essential daily items for everyday use. Dug Dug Canvas Bags are made from Premium Quality Highly Durable Pure Canvas Fabric. These bags are Pure Canvas from outside and fully waterproof. The size of these bags gets doubled as it has same size additional fabric inside which can be pulled out. High Quality clamps and buckles used while crafting this bag.
 
Check Video:

 




Weight
6.0 kg",-,DUGDUG-1605,-,-,-,-,CANVAS,-,-,-,['https://www.dugdugmotorcycles.com/wp-content/uploads/2023/07/dug-dug-royal-enfield-canvas-bag-saddle-stay-for-royal-enfield-super-meteor-650-2-510x510.jpg'],"₹7,000.00",-,-,-,-,-,-,-,"₹4,600.00",-,-,-,-,-,-,-,-,-,-,-
Dug Dug Canvas Bags Saddle Stay Set for Royal Enfield Meteor 350 – Dark Khaki,"Dug Dug Canvas Bags Saddle Stay Set for Royal Enfield Meteor 350
Dug Dug Canvas Bag Saddle Stay Set for Royal Enfield Meteor 350 rests comfortably on its dedicated mounting rail, available separately. The water-resistant waxed canvas bag is heavy duty but easy to mount and remove with the quick release straps. Dug Dug Canvas bags are premium range of bags with affordable price. These are suitable for long and short trips, daily office routine or essential daily items for everyday use. Dug Dug Canvas Bags are made from Premium Quality Highly Durable Pure Canvas Fabric. These bags are Pure Canvas from outside and fully waterproof. The size of these bags gets doubled as it has same size additional fabric inside which can be pulled out. High Quality clamps and buckles used while crafting this bag.
 
Check Video:

 




Weight
6.0 kg",-,DUGDUG-1557,-,-,-,-,CANVAS,-,-,-,['https://www.dugdugmotorcycles.com/wp-content/uploads/2023/03/dug-dug-royal-enfield-canvas-bag-for-royal-enfield-meteor-350-2-510x510.jpg'],"₹7,000.00",-,-,-,-,-,-,-,"₹4,500.00",-,-,-,-,-,-,-,-,-,-,-
Dug Dug Canvas Bags Saddle Stay Set for Royal Enfield Meteor 350 – Khaki,"Dug Dug Canvas Bags Saddle Stay Set for Royal Enfield Meteor 350
Dug Dug Canvas Bag Saddle Stay Set for Royal Enfield Meteor 350 rests comfortably on its dedicated mounting rail, available separately. The water-resistant waxed canvas bag is heavy duty but easy to mount and remove with the quick release straps. Dug Dug Canvas bags are premium range of bags with affordable price. These are suitable for long and short trips, daily office routine or essential daily items for everyday use. Dug Dug Canvas Bags are made from Premium Quality Highly Durable Pure Canvas Fabric. These bags are Pure Canvas from outside and fully waterproof. The size of these bags gets doubled as it has same size additional fabric inside which can be pulled out. High Quality clamps and buckles used while crafting this bag.
 
Check Video:

 




Weight
6.0 kg",-,DUGDUG-1556,-,-,-,-,CANVAS,-,-,-,['https://www.dugdugmotorcycles.com/wp-content/uploads/2023/03/dug-dug-royal-enfield-canvas-bag-for-royal-enfield-meteor-350-4-510x510.jpg'],"₹7,000.00",-,-,-,-,-,-,-,"₹4,500.00",-,-,-,-,-,-,-,-,-,-,-
Dug Dug Canvas Bags Saddle Stay Set for Royal Enfield Meteor 350 – Army Green,"Dug Dug Canvas Bags Saddle Stay Set for Royal Enfield Meteor 350
Dug Dug Canvas Bag Saddle Stay Set for Royal Enfield Meteor 350 rests comfortably on its dedicated mounting rail, available separately. The water-resistant waxed canvas bag is heavy duty but easy to mount and remove with the quick release straps. Dug Dug Canvas bags are premium range of bags with affordable price. These are suitable for long and short trips, daily office routine or essential daily items for everyday use. Dug Dug Canvas Bags are made from Premium Quality Highly Durable Pure Canvas Fabric. These bags are Pure Canvas from outside and fully waterproof. The size of these bags gets doubled as it has same size additional fabric inside which can be pulled out. High Quality clamps and buckles used while crafting this bag.
 
Check Video:

 




Weight
6.0 kg",-,DUGDUG-1555,-,-,-,-,CANVAS,-,-,-,['https://www.dugdugmotorcycles.com/wp-content/uploads/2023/03/dug-dug-royal-enfield-canvas-bag-for-royal-enfield-meteor-350-3-510x510.jpg'],"₹7,000.00",-,-,-,-,-,-,-,"₹4,500.00",-,-,-,-,-,-,-,-,-,-,-
Dug Dug Canvas Bags Saddle Stay Set for Royal Enfield Meteor 350 – Black,"Dug Dug Canvas Bags Saddle Stay Set for Royal Enfield Meteor 350
Dug Dug Canvas Bag Saddle Stay Set for Royal Enfield Meteor 350 rests comfortably on its dedicated mounting rail, available separately. The water-resistant waxed canvas bag is heavy duty but easy to mount and remove with the quick release straps. Dug Dug Canvas bags are premium range of bags with affordable price. These are suitable for long and short trips, daily office routine or essential daily items for everyday use. Dug Dug Canvas Bags are made from Premium Quality Highly Durable Pure Canvas Fabric. These bags are Pure Canvas from outside and fully waterproof. The size of these bags gets doubled as it has same size additional fabric inside which can be pulled out. High Quality clamps and buckles used while crafting this bag.
 
Check Video:

 




Weight
6.0 kg",-,DUGDUG-1554,-,-,-,-,CANVAS,-,-,-,['https://www.dugdugmotorcycles.com/wp-content/uploads/2023/03/dug-dug-royal-enfield-canvas-bag-for-royal-enfield-meteor-350-1-510x510.jpg'],"₹7,000.00",-,-,-,-,-,-,-,"₹4,500.00",-,-,-,-,-,-,-,-,-,-,-
Dug Dug Canvas Bags Saddle Stay Set for Royal Enfield Classic Reborn – Dark Khaki,"Dug Dug Canvas Bags Saddle Stay Set for Royal Enfield Classic Reborn
Dug Dug Canvas Bag Saddle Stay Set for Royal Enfield Classic Reborn rests comfortably on its dedicated mounting rail, available separately. The water-resistant waxed canvas bag is heavy duty but easy to mount and remove with the quick release straps. Dug Dug Canvas bags are premium range of bags with affordable price. These are suitable for long and short trips, daily office routine or essential daily items for everyday use. Dug Dug Canvas Bags are made from Premium Quality Highly Durable Pure Canvas Fabric. These bags are Pure Canvas from outside and fully waterproof. The size of these bags gets doubled as it has same size additional fabric inside which can be pulled out. High Quality clamps and buckles used while crafting this bag.
 
Check Video:

 




Weight
6.0 kg",-,DUGDUG-1553,-,-,-,-,CANVAS,-,-,-,['https://www.dugdugmotorcycles.com/wp-content/uploads/2023/03/dug-dug-royal-enfield-canvas-bag-for-royal-enfield-classic-reborn-3-510x510.jpg'],"₹7,000.00",-,-,-,-,-,-,-,"₹4,500.00",-,-,-,-,-,-,-,-,-,-,-
Dug Dug Canvas Bags Saddle Stay Set for Royal Enfield Classic Reborn – Army Green,"Dug Dug Canvas Bags Saddle Stay Set for Royal Enfield Classic Reborn
Dug Dug Canvas Bag Saddle Stay Set for Royal Enfield Classic Reborn rests comfortably on its dedicated mounting rail, available separately. The water-resistant waxed canvas bag is heavy duty but easy to mount and remove with the quick release straps. Dug Dug Canvas bags are premium range of bags with affordable price. These are suitable for long and short trips, daily office routine or essential daily items for everyday use. Dug Dug Canvas Bags are made from Premium Quality Highly Durable Pure Canvas Fabric. These bags are Pure Canvas from outside and fully waterproof. The size of these bags gets doubled as it has same size additional fabric inside which can be pulled out. High Quality clamps and buckles used while crafting this bag.
 
Check Video:

 




Weight
6.0 kg",-,DUGDUG-1551,-,-,-,-,CANVAS,-,-,-,['https://www.dugdugmotorcycles.com/wp-content/uploads/2023/03/dug-dug-royal-enfield-canvas-bag-for-royal-enfield-classic-reborn-4-510x510.jpg'],"₹7,000.00",-,-,-,-,-,-,-,"₹4,500.00",-,-,-,-,-,-,-,-,-,-,-
Dug Dug Canvas Bags Saddle Stay Set for Royal Enfield Classic Reborn – Black,"Dug Dug Canvas Bags Saddle Stay Set for Royal Enfield Classic Reborn
Dug Dug Canvas Bag Saddle Stay Set for Royal Enfield Classic Reborn rests comfortably on its dedicated mounting rail, available separately. The water-resistant waxed canvas bag is heavy duty but easy to mount and remove with the quick release straps. Dug Dug Canvas bags are premium range of bags with affordable price. These are suitable for long and short trips, daily office routine or essential daily items for everyday use. Dug Dug Canvas Bags are made from Premium Quality Highly Durable Pure Canvas Fabric. These bags are Pure Canvas from outside and fully waterproof. The size of these bags gets doubled as it has same size additional fabric inside which can be pulled out. High Quality clamps and buckles used while crafting this bag.
 
Check Video:

 




Weight
6.0 kg",-,DUGDUG-1550,-,-,-,-,CANVAS,-,-,-,['https://www.dugdugmotorcycles.com/wp-content/uploads/2023/03/dug-dug-royal-enfield-canvas-bag-for-royal-enfield-classic-reborn-2-510x510.jpg'],"₹7,000.00",-,-,-,-,-,-,-,"₹4,500.00",-,-,-,-,-,-,-,-,-,-,-
Dug Dug Touring Kit for Royal Enfield Hunter 350 Type 2,"Weight
10 kg",-,DUGDUG-1507,-,-,-,-,-,-,-,-,"['https://www.dugdugmotorcycles.com/wp-content/uploads/2022/10/Dug-Dug-Touring-Kit-for-Royal-Enfield-Hunter-350-Type-2-510x510.jpg', 'https://www.dugdugmotorcycles.com/wp-content/uploads/2022/09/e48f3f60df1a4871951c8bed1db6c9b5-510x1124.jpg', 'https://www.dugdugmotorcycles.com/wp-content/uploads/2022/09/da1317e6fa7148cabe9f8fee53752193-510x1124.jpg', 'https://www.dugdugmotorcycles.com/wp-content/uploads/2022/09/d677ecb958f347c6b1887e5662a942ff-510x1124.jpg', 'https://www.dugdugmotorcycles.com/wp-content/uploads/2022/10/dug-dug-hunter-350-saddle-stay-510x366.jpg', 'https://www.dugdugmotorcycles.com/wp-content/uploads/2022/10/IMG-20221001-WA0058-510x416.jpg']","₹11,000.00",-,-,-,-,-,-,-,"₹7,500.00",-,-,-,-,-,-,-,-,-,-,-
Dug Dug Touring Kit for Royal Enfield Hunter 350 Type 1,"Weight
10 kg",-,DUGDUG-1506,-,-,-,-,-,-,-,-,"['https://www.dugdugmotorcycles.com/wp-content/uploads/2022/10/Dug-Dug-Touring-Kit-for-Royal-Enfield-Hunter-350-Type-1-510x510.jpg', 'https://www.dugdugmotorcycles.com/wp-content/uploads/2022/09/IMG-20220918-WA0011-510x287.jpg', 'https://www.dugdugmotorcycles.com/wp-content/uploads/2022/10/dug-dug-hunter-350-crash-guard--510x471.jpg', 'https://www.dugdugmotorcycles.com/wp-content/uploads/2022/10/dug-dug-hunter-350-saddle-stay-510x366.jpg', 'https://www.dugdugmotorcycles.com/wp-content/uploads/2022/10/IMG-20221001-WA0058-510x416.jpg']","₹9,999.00",-,-,-,-,-,-,-,"₹6,200.00",-,-,-,-,-,-,-,-,-,-,-
Dug Dug Saddle Stay with Removable Support for Royal Enfield Hunter 350,"Weight
3.0 kg",-,DUGDUG-1502,-,-,-,-,-,-,-,-,"['https://www.dugdugmotorcycles.com/wp-content/uploads/2022/10/dug-dug-saddle-stay-for-royal-enfield-hunter-350-with-removable-supports-5-510x907.jpg', 'https://www.dugdugmotorcycles.com/wp-content/uploads/2022/10/dug-dug-hunter-350-saddle-stay-510x366.jpg', 'https://www.dugdugmotorcycles.com/wp-content/uploads/2022/10/dug-dug-saddle-stay-for-royal-enfield-hunter-350-with-removable-supports-2-510x287.jpg', 'https://www.dugdugmotorcycles.com/wp-content/uploads/2022/10/dug-dug-saddle-stay-for-royal-enfield-hunter-350-with-removable-supports-1-510x907.jpg', 'https://www.dugdugmotorcycles.com/wp-content/uploads/2022/10/dug-dug-saddle-stay-for-royal-enfield-hunter-350-with-removable-supports-4-510x907.jpg', 'https://www.dugdugmotorcycles.com/wp-content/uploads/2022/10/dug-dug-saddle-stay-for-royal-enfield-hunter-350-with-removable-supports-3-510x287.jpg']","₹3,999.00",-,-,-,-,-,-,-,"₹2,200.00",-,-,-,-,-,-,-,-,-,-,-
Ladakh Carrier for Royal Enfield Himalayan,"Weight
5.0 kg",-,DUGDUG-1471,-,-,-,-,-,-,-,-,['https://www.dugdugmotorcycles.com/wp-content/uploads/2022/09/77e71f7e7f57413586f0059b086ceb1e-510x230.jpg'],"₹9,999.00",-,-,-,-,-,-,-,"₹2,999.00",-,-,-,-,-,-,-,-,-,-,-
Dug Dug Saddle Stay for Honda Highness CB350,"Weight
3.5 kg",-,DUGDUG-1376,-,-,-,-,-,-,-,-,"['https://www.dugdugmotorcycles.com/wp-content/uploads/2022/03/honda-higness-cb350-saddle-stay-3-510x510.jpg', 'https://www.dugdugmotorcycles.com/wp-content/uploads/2022/03/honda-higness-cb350-saddle-stay-2-510x510.jpg', 'https://www.dugdugmotorcycles.com/wp-content/uploads/2022/03/honda-higness-cb350-saddle-stay-1-510x510.jpg']","₹4,999.00",-,-,-,-,-,-,-,"₹2,250.00",-,-,-,-,-,-,-,-,-,-,-
Dug Dug Saddle Stay for Royal Enfield Interceptor 650 Left + Right Black,"Weight
3.5 kg",-,DUGDUG-1366,-,-,-,-,-,-,-,-,['https://www.dugdugmotorcycles.com/wp-content/uploads/2022/03/dug-dug-royal-enfield-interceptor-650-saddle-stay-510x510.jpg'],"₹3,999.00",-,-,-,-,-,-,-,"₹2,250.00",-,-,-,-,-,-,-,-,-,-,-
Dug Dug Saddle Stay for Royal Enfield Interceptor 650,"Weight
2.5 kg",-,DUGDUG-1365,-,-,-,-,-,-,-,-,"['https://www.dugdugmotorcycles.com/wp-content/uploads/2022/03/dug-dug-royal-enfield-interceptor-650-saddle-stay-1-510x510.jpg', 'https://www.dugdugmotorcycles.com/wp-content/uploads/2022/03/dug-dug-royal-enfield-interceptor-650-saddle-stay-2-510x510.jpg', 'https://www.dugdugmotorcycles.com/wp-content/uploads/2022/03/dug-dug-royal-enfield-interceptor-650-saddle-stay-4-510x510.jpg', 'https://www.dugdugmotorcycles.com/wp-content/uploads/2022/03/dug-dug-royal-enfield-interceptor-650-saddle-stay-3-510x510.jpg']","₹2,999.00",-,-,-,-,-,-,-,"₹1,999.00",-,-,-,-,-,-,-,-,-,-,-
Dug Dug Himalayan Saddle Stay Left + Right Black,"Weight
3.5 kg",-,DUGDUG-1364,-,-,-,-,-,-,-,-,"['https://www.dugdugmotorcycles.com/wp-content/uploads/2022/03/dug-dug-royal-enfield-himalayan-Saddle-Stay-1-510x510.jpg', 'https://www.dugdugmotorcycles.com/wp-content/uploads/2022/03/dug-dug-royal-enfield-himalayan-Saddle-Stay-2-510x510.jpg', 'https://www.dugdugmotorcycles.com/wp-content/uploads/2022/10/dug-dug-himalayan-saddle-stay-2-1-510x907.jpg', 'https://www.dugdugmotorcycles.com/wp-content/uploads/2022/10/dug-dug-himalayan-saddle-stay-1-1-510x907.jpg', 'https://www.dugdugmotorcycles.com/wp-content/uploads/2022/10/dug-dug-himalayan-saddle-stay-4-1-510x907.jpg', 'https://www.dugdugmotorcycles.com/wp-content/uploads/2022/10/dug-dug-himalayan-saddle-stay-3-1-510x907.jpg']","₹4,500.00",-,-,-,-,-,-,-,"₹2,250.00",-,-,-,-,-,-,-,-,-,-,-
Dug Dug Saddle Stay for Royal Enfield Thunderbird,"Weight
3.0 kg",-,DUGDUG-1306,-,-,-,-,-,-,-,-,['https://www.dugdugmotorcycles.com/wp-content/uploads/2021/02/dug-dug-saddle-stay-for-royal-enfield-classic-510x464.jpg'],"₹1,850.00",-,-,-,-,-,-,-,"₹1,850.00",-,-,-,-,-,-,-,-,-,-,-
Dug Dug Saddle Stay for Royal Enfield Meteor 350 Type II,"Weight
3.0 kg",-,DUGDUG-1305,-,-,-,-,-,-,-,-,['https://www.dugdugmotorcycles.com/wp-content/uploads/2021/02/dug-dug-saddle-stay-for-royal-enfield-classic-510x464.jpg'],"₹2,999.00",-,-,-,-,-,-,-,"₹1,850.00",-,-,-,-,-,-,-,-,-,-,-
Dug Dug Ladakh Carrier for Royal Enfield Himalayan Luggage Carrier Holder,"Weight
10.0 kg",-,DUGDUG-1265,-,-,-,-,-,-,-,-,['https://www.dugdugmotorcycles.com/wp-content/uploads/2022/02/dug-dug-royal-enfield-himalayan-ladakh-carrier-510x680.jpg'],"₹5,999.00",-,-,-,-,-,-,-,"₹2,999.00",-,-,-,-,-,-,-,-,-,-,-
Saddle Stay for Royal Enfield Meteor 350,"Weight
3.0 kg",-,DUGDUG-1114,-,-,-,-,-,-,-,-,"['https://www.dugdugmotorcycles.com/wp-content/uploads/2021/07/dug-dug-meteor-350-saddle-stay--510x677.jpg', 'https://www.dugdugmotorcycles.com/wp-content/uploads/2021/09/royal-enfield-meteor-350-saddle-stay-510x510.jpg']","₹4,999.00",-,-,-,-,-,-,-,"₹2,199.00",-,-,-,-,-,-,-,-,-,-,-
Touring Kit with Saddle Stay and Rear Carrier for Royal Enfield Meteor 350,"Weight
5.0 kg",-,DUGDUG-1113,-,-,-,-,-,-,-,-,['https://www.dugdugmotorcycles.com/wp-content/uploads/2021/07/dug-dug-meteor-350-touring-kit-saddle-stay-carrier-510x333.jpg'],"₹4,999.00",-,-,-,-,-,-,-,"₹3,550.00",-,-,-,-,-,-,-,-,-,-,-
Dug Dug Saddle Stay for Royal Enfield Classic 350/500,"Weight
3.5 kg",-,DUGDUG-982,-,-,-,-,-,-,-,-,['https://www.dugdugmotorcycles.com/wp-content/uploads/2021/02/dug-dug-saddle-stay-for-royal-enfield-classic-510x464.jpg'],"₹2,999.00",-,-,-,-,-,-,-,"₹1,700.00",-,-,-,-,-,-,-,-,-,-,-
Dug Dug Motorcycles Dominar 400 Saddle Stay,"Weight
2.0 kg",-,DUGDUG-917,-,-,-,-,-,-,-,-,['https://www.dugdugmotorcycles.com/wp-content/uploads/2020/11/dominar-400-saddle-stay-dug-dug-510x450.jpg'],"₹2,999.00",-,-,-,-,-,-,-,"₹1,950.00",-,-,-,-,-,-,-,-,-,-,-
