Product name,Description,Slug,SKU,Auto Generate SKU,Categories,Status,Is featured?,Brand,Product collections,Labels,Taxes,Images,Price,Product attributes,Import type,Is variation default?,Stock status,With storehouse management,Quantity,Allow checkout when out of stock,Sale price,Start date sale price,End date sale price,Weight,Length,Wide,Height,Cost per item,Barcode,Content,Tags,Vendor
Diamond Cushion Seat Cover with Rider and Pillion Backrest for Royal Enfield Hunter 350,"Weight
1.0 kg",-,DUGDUG-1560,-,-,-,-,-,-,-,-,"['https://www.dugdugmotorcycles.com/wp-content/uploads/2023/03/Diamond-Cushion-Seat-Cover-with-Rider-and-Pillion-Backrest-for-Royal-Enfield-Hunter-350.jpg', 'https://www.dugdugmotorcycles.com/wp-content/uploads/2023/03/Diamond-Cushion-Seat-Cover-with-Rider-and-Pillion-Backrest-for-Royal-Enfield-Hunter-350-1.jpg']","₹1,699.00",-,-,-,-,-,-,-,₹799.00,-,-,-,-,-,-,-,-,-,-,-
New Hunter 350 Seat Cover with Stripes – Black,"Weight
0.5 kg",-,DUGDUG-1522,-,-,-,-,-,-,-,-,['https://www.dugdugmotorcycles.com/wp-content/uploads/2022/11/dug-dug-royal-enfield-hunter-350-seat-cover-510x907.jpg'],₹999.00,-,-,-,-,-,-,-,₹399.00,-,-,-,-,-,-,-,-,-,-,-
Royal Enfield Classic Reborn Seat Cover Type 6,"Weight
0.5 kg",-,DUGDUG-1482,-,-,-,-,-,-,-,-,['https://www.dugdugmotorcycles.com/wp-content/uploads/2022/09/IMG-20220907-WA0009-510x510.jpg'],$30.97,-,-,-,-,-,-,-,,-,-,-,-,-,-,-,-,-,-,-
Royal Enfield Reborn Seat Cover Type 5,"Weight
0.5 kg",-,DUGDUG-1481,-,-,-,-,-,-,-,-,['https://www.dugdugmotorcycles.com/wp-content/uploads/2022/09/IMG-20220907-WA0028-510x1053.jpg'],₹999.00,-,-,-,-,-,-,-,₹550.00,-,-,-,-,-,-,-,-,-,-,-
Royal Enfield Reborn Seat Cover Type 4,"Weight
0.5 kg",-,DUGDUG-1480,-,-,-,-,-,-,-,-,['https://www.dugdugmotorcycles.com/wp-content/uploads/2022/09/IMG-20220907-WA0027-510x1099.jpg'],₹999.00,-,-,-,-,-,-,-,₹550.00,-,-,-,-,-,-,-,-,-,-,-
Royal Enfield Reborn Seat Cover Type 3,"Weight
0.5 kg",-,DUGDUG-1479,-,-,-,-,-,-,-,-,['https://www.dugdugmotorcycles.com/wp-content/uploads/2022/09/IMG-20220907-WA0026-510x1095.jpg'],$30.97,-,-,-,-,-,-,-,,-,-,-,-,-,-,-,-,-,-,-
Royal Enfield Reborn Seat Cover Type 2,"Weight
0.5 kg",-,DUGDUG-1478,-,-,-,-,-,-,-,-,['https://www.dugdugmotorcycles.com/wp-content/uploads/2022/09/IMG-20220907-WA0021-510x550.jpg'],₹999.00,-,-,-,-,-,-,-,₹450.00,-,-,-,-,-,-,-,-,-,-,-
Royal Enfield Reborn Seat Cover Type 1,"Weight
0.5 kg",-,DUGDUG-1477,-,-,-,-,-,-,-,-,['https://www.dugdugmotorcycles.com/wp-content/uploads/2022/09/IMG-20220907-WA0020-510x1023.jpg'],₹999.00,-,-,-,-,-,-,-,₹450.00,-,-,-,-,-,-,-,-,-,-,-
Cushion Seat Cover with Backrest for Royal Enfield Hunter 350,"Weight
1.0 kg",-,DUGDUG-1465,-,-,-,-,-,-,-,-,['https://www.dugdugmotorcycles.com/wp-content/uploads/2023/03/Cushion-Seat-Cover-with-Rider-and-Pillion-Backrest-for-Royal-Enfield-Hunter-350.jpg'],₹999.00,-,-,-,-,-,-,-,₹799.00,-,-,-,-,-,-,-,-,-,-,-
Royal Enfield Seat Cover Classic 350 – Black,"Weight
0.5 kg",-,DUGDUG-1149,-,-,-,-,-,-,-,-,"['https://www.dugdugmotorcycles.com/wp-content/uploads/2021/09/black-seat-cover-for-royal-enfield-classic-350-1-510x510.jpg', 'https://www.dugdugmotorcycles.com/wp-content/uploads/2021/09/black-seat-cover-for-royal-enfield-classic-350-2-510x510.jpg']",₹799.00,-,-,-,-,-,-,-,₹450.00,-,-,-,-,-,-,-,-,-,-,-
Royal Enfield Standard 350 Seat Cover – Black,"Weight
0.5 kg",-,DUGDUG-1144,-,-,-,-,-,-,-,-,"['https://www.dugdugmotorcycles.com/wp-content/uploads/2021/08/royal-enfield-standard-seat-cover-dug-dug-motorcycles-510x510.jpg', 'https://www.dugdugmotorcycles.com/wp-content/uploads/2021/08/royal-enfield-standard-seat-cover-dug-dug-motorcycles-1-510x510.jpg']",$21.67,-,-,-,-,-,-,-,,-,-,-,-,-,-,-,-,-,-,-
Royal Enfield Seat Cover with Padding – Brown,"Weight
0.5 kg",-,DUGDUG-1148,-,-,-,-,-,-,-,-,"['https://www.dugdugmotorcycles.com/wp-content/uploads/2021/08/brown-seat-cover-with-padding-for-royal-enfield-classic-350-1-510x510.jpg', 'https://www.dugdugmotorcycles.com/wp-content/uploads/2021/08/brown-seat-cover-with-padding-for-royal-enfield-classic-350-2-510x286.jpg', 'https://www.dugdugmotorcycles.com/wp-content/uploads/2021/08/brown-seat-cover-with-padding-for-royal-enfield-classic-350-3-510x510.jpg']",$24.77,-,-,-,-,-,-,-,,-,-,-,-,-,-,-,-,-,-,-
Comfortable Cushion Seat Covers for Royal Enfield Classic – Black,"Weight
0.5 kg


Choose Colour
Black",-,DUGDUG-1052,-,-,-,-,-,-,-,-,['https://www.dugdugmotorcycles.com/wp-content/uploads/2021/07/IMG-20210625-WA0099-510x374.jpg'],₹999.00,-,-,-,-,-,-,-,₹699.00,-,-,-,-,-,-,-,-,-,-,-
Royal Enfield Seat Cover with Padding – Black,"Weight
0.5 kg",-,DUGDUG-721,-,-,-,-,-,-,-,-,"['https://www.dugdugmotorcycles.com/wp-content/uploads/2021/08/Black-Seat-cover-with-padding-for-royal-enfield-classic-350-dug-dug-motorcycles-1-510x510.jpg', 'https://www.dugdugmotorcycles.com/wp-content/uploads/2021/08/Black-Seat-cover-with-padding-for-royal-enfield-classic-350-dug-dug-motorcycles-2-510x286.jpg', 'https://www.dugdugmotorcycles.com/wp-content/uploads/2021/08/Black-Seat-cover-with-padding-for-royal-enfield-classic-350-dug-dug-motorcycles-3-510x510.jpg']",$24.77,-,-,-,-,-,-,-,,-,-,-,-,-,-,-,-,-,-,-
Dug Dug Cross Stitch Brown Seat Cover with Back Support for Royal Enfield – Brown,"Vehicle Compatibility: Royal Enfield Classic Dual Seat
Royal Enfield Seat Cover is soft fabric and inner Material is form Perfect fitting
The material is water resistant, and is ideal for use, All weather conditions.All in all, the seat cover offers you the best in terms of style, fit, comfort, and durability.
All in all, the seat cover offers you the best in terms of style, fit, comfort, and durability,We aim to provide our customers with a wide variety of biking accessories with the best service possible
Refresh your aged seats or protect your seats against spills, stains, fading, tearing, dirt, crumbs and pet hairs. Elegant Solution for Your Bike





Weight
0.65 kg",-,DUGDUG-375,-,-,-,-,-,-,-,-,['https://www.dugdugmotorcycles.com/wp-content/uploads/2019/10/1124298322-scaled-510x510.jpg'],$30.97,-,-,-,-,-,-,-,,-,-,-,-,-,-,-,-,-,-,-
Dug Dug Cross Stitch Black Seat Cover with Back Support for Royal Enfield,"Weight
0.65 kg",-,DUGDUG-376,-,-,-,-,-,-,-,-,"['https://www.dugdugmotorcycles.com/wp-content/uploads/2019/10/Royal-Enfield-Seat-Cover-2-510x510.jpg', 'https://www.dugdugmotorcycles.com/wp-content/uploads/2019/10/Royal-Enfield-Seat-Cover-1-510x510.jpg', 'https://www.dugdugmotorcycles.com/wp-content/uploads/2019/10/Royal-Enfield-Seat-Cover-3-510x510.jpg', 'https://www.dugdugmotorcycles.com/wp-content/uploads/2019/10/Royal-Enfield-Seat-Cover-4-510x510.jpg', 'https://www.dugdugmotorcycles.com/wp-content/uploads/2020/06/Royal-Enfield-Classic-Seat-Cover-5-510x510.jpg', 'https://www.dugdugmotorcycles.com/wp-content/uploads/2020/06/Royal-Enfield-Classic-Seat-Cover-4-510x510.jpg', 'https://www.dugdugmotorcycles.com/wp-content/uploads/2020/06/Royal-Enfield-Classic-Seat-Cover-1-510x510.jpg']",₹899.00,-,-,-,-,-,-,-,₹650.00,-,-,-,-,-,-,-,-,-,-,-
