Product name,Description,Slug,SKU,Auto Generate SKU,Categories,Status,Is featured?,Brand,Product collections,Labels,Taxes,Images,Price,Product attributes,Import type,Is variation default?,Stock status,With storehouse management,Quantity,Allow checkout when out of stock,Sale price,Start date sale price,End date sale price,Weight,Length,Wide,Height,Cost per item,Barcode,Content,Tags,Vendor
Kabir Singh Seat for Classic 350 – Black,-,-,DUGDUG-1697,-,-,-,-,-,-,-,-,"['https://www.dugdugmotorcycles.com/wp-content/uploads/2023/10/kabir-singh-seat-for-classic-350-royal-enfield-black-4-510x510.webp', 'https://www.dugdugmotorcycles.com/wp-content/uploads/2023/10/kabir-singh-seat-for-classic-350-royal-enfield-black-5-510x510.webp', 'https://www.dugdugmotorcycles.com/wp-content/uploads/2023/10/kabir-singh-seat-for-classic-350-royal-enfield-black-3-510x510.webp', 'https://www.dugdugmotorcycles.com/wp-content/uploads/2023/10/kabir-singh-seat-for-classic-350-royal-enfield-black-2-510x510.webp', 'https://www.dugdugmotorcycles.com/wp-content/uploads/2023/10/kabir-singh-seat-for-classic-350-royal-enfield-black-1-510x510.webp']","₹2,999.00",-,-,-,-,-,-,-,"₹2,250.00",-,-,-,-,-,-,-,-,-,-,-
Dug Dug Folding Seat for Royal Enfield Bullet Standard 350 Electra 350 – Black,"Folding Seat for Royal Enfield
Dug Dug presents all-new Heavy Quality Folding Seat for Royal Enfield Standard 350 Electra 350 all Models. Dug Dug Folding Seat is contoured to fit the rider’s body shape. This design helps distribute the rider’s weight evenly, reducing pressure points and discomfort during long rides. Made from premium quality material. 
The type and quality of padding used in our Foldable Seat greatly impacts comfort. Our High-density foam provides support and helps reduce vibrations and absorb shocks. The width of the seat plays a role in rider comfort. Our wider seat can provide more room for the rider to move around, while other narrower seats can discomfort the rider. Rear Seat Load Capacity: Up To 100kg. 
The fabric used in our foldable seat and the stitching pattern affects both aesthetics and comfort. Our seats feature double stitching for added durability. Dug Dug Foldable Seat with sufficient padding for passengers is essential for a comfortable two-up riding experience and once ride is done you can hide Rear Seat When Not In Use.




Weight
4.5 kg",-,DUGDUG-1644,-,-,-,-,-,-,-,-,['https://www.dugdugmotorcycles.com/wp-content/uploads/2023/09/dug-dug-folding-seat-for-royal-enfield-standard-350-electra-350-black-510x383.webp'],"₹4,999.00",-,-,-,-,-,-,-,"₹2,800.00",-,-,-,-,-,-,-,-,-,-,-
Half Cross Stitch Kabir Singh Seat for Royal Enfield Classic Standard Electra UCE,"Weight
3.5 kg",-,DUGDUG-1528,-,-,-,-,-,-,-,-,['https://www.dugdugmotorcycles.com/wp-content/uploads/2022/12/kabir-singh-leather-seat-for-royal-enfield-classic-standard-electra-510x663.jpg'],"₹3,999.00",-,-,-,-,-,-,-,"₹2,500.00",-,-,-,-,-,-,-,-,-,-,-
Dug Dug Cruiser Comfortable Cushion Seat for Royal Enfield Meteor 350 – Black,"Weight
4.0 kg",-,DUGDUG-1343,-,-,-,-,-,-,-,-,['https://www.dugdugmotorcycles.com/wp-content/uploads/2022/02/dug-dug-royal-enfield-meteor-350-cruiser-seat-510x510.jpg'],"₹5,999.00",-,-,-,-,-,-,-,"₹4,000.00",-,-,-,-,-,-,-,-,-,-,-
Low Rider Seat For Lower Height Comfortable Seat for Royal Enfield Classic Standard Electra,"Weight
3.5 kg",-,DUGDUG-1333,-,-,-,-,-,-,-,-,"['https://www.dugdugmotorcycles.com/wp-content/uploads/2022/02/dug-dug-Royal-enfield-low-rider-seat-low-height-comfortable-seat-for-classuc-standard-electra.jpg-1-510x248.jpg', 'https://www.dugdugmotorcycles.com/wp-content/uploads/2022/02/dug-dug-Royal-enfield-low-rider-seat-low-height-comfortable-seat-for-classuc-standard-electra.jpg-2-510x248.jpg']","₹3,500.00",-,-,-,-,-,-,-,"₹2,400.00",-,-,-,-,-,-,-,-,-,-,-
Dug Dug Comfortable Cushion Touring Seat for Royal Enfield Interceptor 650 and Continental GT – Type 6,"Weight
3.5 kg",-,DUGDUG-1320,-,-,-,-,-,-,-,-,['https://www.dugdugmotorcycles.com/wp-content/uploads/2022/02/dug-dug-royal-enfield-interceptor-touring-seat-comfortable-cushion-seat-4-510x510.jpg'],"₹5,999.00",-,-,-,-,-,-,-,"₹3,800.00",-,-,-,-,-,-,-,-,-,-,-
Dug Dug Comfortable Cushion Touring Seat for Royal Enfield Interceptor 650 and Continental GT – Type 5,"Weight
3.5 kg",-,DUGDUG-1319,-,-,-,-,-,-,-,-,['https://www.dugdugmotorcycles.com/wp-content/uploads/2022/02/dug-dug-royal-enfield-interceptor-touring-seat-comfortable-cushion-seat-3-510x510.jpg'],"₹5,000.00",-,-,-,-,-,-,-,"₹3,800.00",-,-,-,-,-,-,-,-,-,-,-
Dug Dug Comfortable Cushion Touring Seat for Royal Enfield Interceptor 650 and Continental GT – Type 3,"Weight
3.5 kg",-,DUGDUG-1317,-,-,-,-,-,-,-,-,['https://www.dugdugmotorcycles.com/wp-content/uploads/2022/02/dug-dug-royal-enfield-interceptor-touring-seat-comfortable-cushion-seat-1-510x510.jpg'],"₹5,999.00",-,-,-,-,-,-,-,"₹3,800.00",-,-,-,-,-,-,-,-,-,-,-
Dug Dug Comfortable Cushion Touring Seat for Royal Enfield Interceptor 650 and Continental GT – Type 2,"Weight
3.5 kg",-,DUGDUG-1316,-,-,-,-,-,-,-,-,['https://www.dugdugmotorcycles.com/wp-content/uploads/2022/02/dug-dug-royal-enfield-interceptor-touring-seat-comfortable-cushion-seat-6-510x510.jpg'],"₹5,999.00",-,-,-,-,-,-,-,"₹3,800.00",-,-,-,-,-,-,-,-,-,-,-
Dug Dug Comfortable Cushion Touring Seat for Royal Enfield Interceptor 650 and Continental GT – Type 1,"Weight
3.5 kg",-,DUGDUG-1315,-,-,-,-,-,-,-,-,['https://www.dugdugmotorcycles.com/wp-content/uploads/2022/02/dug-dug-royal-enfield-interceptor-touring-seat-comfortable-cushion-seat-5-510x510.jpg'],"₹5,999.00",-,-,-,-,-,-,-,"₹3,800.00",-,-,-,-,-,-,-,-,-,-,-
Dug Dug Royal Enfield Foldable Seat Heavy Quality for Royal Enfield Classic 350 – Brown,"Royal Enfield Foldable Seat
Dug Dug presents all-new Heavy Quality Foldable Seat for Classic 350 Royal Enfield . Dug Dug Foldable Seat is contoured to fit the rider’s body shape. This design helps distribute the rider’s weight evenly, reducing pressure points and discomfort during long rides. Made from premium quality material. 
The type and quality of padding used in our Foldable Seat greatly impacts comfort. Our High-density foam provides support and helps reduce vibrations and absorb shocks. The width of the seat plays a role in rider comfort. Our wider seat can provide more room for the rider to move around, while other narrower seats can discomfort the rider. Rear Seat Load Capacity: Up To 100kg. 
The fabric used in our foldable seat and the stitching pattern affects both aesthetics and comfort. Our seats feature double stitching for added durability. Dug Dug Foldable Seat with sufficient padding for passengers is essential for a comfortable two-up riding experience and once ride is done you can hide Rear Seat When Not In Use.




Weight
4.5 kg",-,DUGDUG-1264,-,-,-,-,-,-,-,-,"['https://www.dugdugmotorcycles.com/wp-content/uploads/2022/02/dug-dug-royal-enfield-foldable-seat-for-classic-350-3-jpg.webp', 'https://www.dugdugmotorcycles.com/wp-content/uploads/2022/02/dug-dug-royal-enfield-folding-seat-for-classic-350-4.jpg', 'https://www.dugdugmotorcycles.com/wp-content/uploads/2022/02/dug-dug-royal-enfield-folding-seat-for-classic-350-1.jpg', 'https://www.dugdugmotorcycles.com/wp-content/uploads/2022/02/dug-dug-royal-enfield-folding-seat-for-classic-350-2.jpg']","₹4,999.00",-,-,-,-,-,-,-,"₹2,800.00",-,-,-,-,-,-,-,-,-,-,-
Dug Dug Folding Seat for Classic 350 Royal Enfield  – Black,"Folding Seat for Classic 350
Dug Dug presents all-new Heavy Quality Folding Seat for Classic 350 Royal Enfield . Dug Dug Folding Seat is contoured to fit the rider’s body shape. This design helps distribute the rider’s weight evenly, reducing pressure points and discomfort during long rides. Made from premium quality material. 
The type and quality of padding used in our Foldable Seat greatly impacts comfort. Our High-density foam provides support and helps reduce vibrations and absorb shocks. The width of the seat plays a role in rider comfort. Our wider seat can provide more room for the rider to move around, while other narrower seats can discomfort the rider. Rear Seat Load Capacity: Up To 100kg. 
The fabric used in our foldable seat and the stitching pattern affects both aesthetics and comfort. Our seats feature double stitching for added durability. Dug Dug Foldable Seat with sufficient padding for passengers is essential for a comfortable two-up riding experience and once ride is done you can hide Rear Seat When Not In Use.




Weight
4.5 kg",-,DUGDUG-1263,-,-,-,-,-,-,-,-,['https://www.dugdugmotorcycles.com/wp-content/uploads/2022/02/dug-dug-folding-seat-for-classic-350-royal-enfield-510x383.webp'],"₹4,999.00",-,-,-,-,-,-,-,"₹2,800.00",-,-,-,-,-,-,-,-,-,-,-
Dug Dug Comfortable Cushion Seat Black for Royal Enfield Classic Standard Electra,"Weight
4.0 kg",-,DUGDUG-1262,-,-,-,-,-,-,-,-,['https://www.dugdugmotorcycles.com/wp-content/uploads/2022/02/dug-dug-royal-enfield-cushion-seat-for-classic-standard-electra-510x383.jpg'],"₹4,999.00",-,-,-,-,-,-,-,"₹3,500.00",-,-,-,-,-,-,-,-,-,-,-
Dug Dug Kabir Singh Seat Gunmetal Brown for Royal Enfield Classic Standard Electra,"Weight
3.0 kg",-,DUGDUG-1260,-,-,-,-,-,-,-,-,['https://www.dugdugmotorcycles.com/wp-content/uploads/2022/02/dug-dug-kabir-singh-seat-for-royal-enfield-classic-standard-electra-510x383.jpg'],"₹2,999.00",-,-,-,-,-,-,-,"₹2,500.00",-,-,-,-,-,-,-,-,-,-,-
Bigg Boss Seat for Royal Enfield Thunderbird,"Bigg Boss Seat for Royal Enfield Thunderbird
 
The Bigg Boss Seat for Royal Enfield has a timeless style that has been around for decades because of how good it looks and how much better it feels. Made purposely for ling rides this seat makes every ride comfortable not only for rider but for pillion as well. As rider is is broad and soft, the pillion seat is not left behind and has been worked upon on a serious note. The pillion is broader and wider than the stock rear seat of royal enfield which make pillion rider comfortable too.
Premium Quality Soft foam interior and Ultra-Foam creates a foam that is a perfect balance of rigidity and user compliance. Ultra-Foam unique molding process creates an element-resistant process that seals the foam from water. The Co-molded inner foam is the largest comfort advancement in seating since the creation of suspension. Dug Dug brings the most comfortable Bigg Bose seat in industry that shows no seams. Designed and made in the INDIA




Weight
3.5 kg",-,DUGDUG-1198,-,-,-,-,-,-,-,-,['https://www.dugdugmotorcycles.com/wp-content/uploads/2019/10/1104577243-scaled-510x510.jpg'],"₹2,800.00",-,-,-,-,-,-,-,"₹2,800.00",-,-,-,-,-,-,-,-,-,-,-
New Vertical Stitch Long Seat for Royal Enfield Classic Standard Electra,"Weight
4.8 kg",-,DUGDUG-1102,-,-,-,-,-,-,-,-,['https://www.dugdugmotorcycles.com/wp-content/uploads/2021/07/Vertical-Stitch-long-seat-for-royal-enfield-classic-standard-electra-510x287.jpg'],"₹3,999.00",-,-,-,-,-,-,-,"₹2,599.00",-,-,-,-,-,-,-,-,-,-,-
New Long Cruiser Extra Comfortable Heavy Cushion Seat for Royal Enfield Classic Standard Electra,"Weight
4.8 kg",-,DUGDUG-1101,-,-,-,-,-,-,-,-,['https://www.dugdugmotorcycles.com/wp-content/uploads/2021/07/New-Comfortable-long-cruiser-seat-for-royal-enfield-classic-standard-electra-510x248.jpg'],"₹3,999.00",-,-,-,-,-,-,-,"₹2,999.00",-,-,-,-,-,-,-,-,-,-,-
Harley Type Seat with Chrome Bidding for Royal Enfield Classic Standard Electra,"Weight
2.5 kg",-,DUGDUG-1098,-,-,-,-,-,-,-,-,['https://www.dugdugmotorcycles.com/wp-content/uploads/2021/07/Black-Harley-seat-with-chrome-bidding-for-royal-enfield-classic-standard-electra.jpg-510x249.jpg'],"₹2,999.00",-,-,-,-,-,-,-,"₹1,950.00",-,-,-,-,-,-,-,-,-,-,-
Big Boss Seat with Back Rest for Royal Enfield – Brown,"Weight
6.0 kg",-,DUGDUG-1095,-,-,-,-,-,-,-,-,['https://www.dugdugmotorcycles.com/wp-content/uploads/2021/07/Bigg-Boss-Comfortable-Cruiser-Seat-with-back-rest-for-classic-standard-electra-thunderbird-4-510x510.jpg'],"₹7,999.00",-,-,-,-,-,-,-,"₹5,500.00",-,-,-,-,-,-,-,-,-,-,-
Big Boss Seat with Backrest for Royal Enfield – Brown,"Package Includes: Front Seat with Backrest + Pillion Seat without backrest (with holes to fit stock backrest)




Weight
6.0 kg",-,DUGDUG-1094,-,-,-,-,-,-,-,-,"['https://www.dugdugmotorcycles.com/wp-content/uploads/2021/07/Bigg-Boss-Comfortable-Cruiser-Seat-with-back-rest-for-classic-standard-electra-thunderbird-3-510x267.jpg', 'https://www.dugdugmotorcycles.com/wp-content/uploads/2021/07/dug-dug-big-boss-with-backrest-for-royal-enfield-classic-standard-electra-thunderbird-1-510x510.jpg', 'https://www.dugdugmotorcycles.com/wp-content/uploads/2021/07/dug-dug-big-boss-with-backrest-for-royal-enfield-classic-standard-electra-thunderbird-2-510x510.jpg', 'https://www.dugdugmotorcycles.com/wp-content/uploads/2021/07/dug-dug-big-boss-with-backrest-for-royal-enfield-classic-standard-electra-thunderbird-3-510x510.jpg', 'https://www.dugdugmotorcycles.com/wp-content/uploads/2021/07/dug-dug-big-boss-with-backrest-for-royal-enfield-classic-standard-electra-thunderbird-4-510x510.jpg']","₹5,999.00",-,-,-,-,-,-,-,"₹3,999.00",-,-,-,-,-,-,-,-,-,-,-
Big Boss Seat with Backrest for Royal Enfield – Brown,"Package Includes: Front Seat with Backrest + Pillion Seat without backrest (with holes to fit stock backrest)




Weight
6.0 kg",-,DUGDUG-1094,-,-,-,-,-,-,-,-,"['https://www.dugdugmotorcycles.com/wp-content/uploads/2021/07/Bigg-Boss-Comfortable-Cruiser-Seat-with-back-rest-for-classic-standard-electra-thunderbird-3-510x267.jpg', 'https://www.dugdugmotorcycles.com/wp-content/uploads/2021/07/dug-dug-big-boss-with-backrest-for-royal-enfield-classic-standard-electra-thunderbird-1-510x510.jpg', 'https://www.dugdugmotorcycles.com/wp-content/uploads/2021/07/dug-dug-big-boss-with-backrest-for-royal-enfield-classic-standard-electra-thunderbird-2-510x510.jpg', 'https://www.dugdugmotorcycles.com/wp-content/uploads/2021/07/dug-dug-big-boss-with-backrest-for-royal-enfield-classic-standard-electra-thunderbird-3-510x510.jpg', 'https://www.dugdugmotorcycles.com/wp-content/uploads/2021/07/dug-dug-big-boss-with-backrest-for-royal-enfield-classic-standard-electra-thunderbird-4-510x510.jpg']","₹5,999.00",-,-,-,-,-,-,-,"₹3,999.00",-,-,-,-,-,-,-,-,-,-,-
Bigg Boss Seat with Back Rest for Royal Enfield Thunderbird – Front,"Package Includes: Front Seat with Backrest




Weight
3.5 kg",-,DUGDUG-1093,-,-,-,-,-,-,-,-,['https://www.dugdugmotorcycles.com/wp-content/uploads/2021/07/Bigg-Boss-Comfortable-Cruiser-Seat-with-back-rest-for-classic-standard-electra-thunderbird-1-510x230.jpg'],"₹5,999.00",-,-,-,-,-,-,-,"₹3,700.00",-,-,-,-,-,-,-,-,-,-,-
Big Boss Seat with Backrest for Royal Enfield,"Big Boss Seat with Backrest for Royal Enfield
Made of premium quality heavy material maximum comfort on city and long rides. Perfect fit for on road driving, late night driving, off road driving, mountain driving, long trips etc. Easy to Install. Provides great ride comfort even on worst roads. Wide base plate for extra comfort. Specifically designed for Royal Enfield bikes, it is very comfortable for long rides. Flexible urethane foam interior for maximum comfort. Big Boss Seat with Backrest for royal enfield is made from premium quality material.
While riding a motorcycle can be exhilarating, it can also be painful if you don’t have a proper seat. If you want tto enjoy long rides and make your ride comfortable invest in a good motorcycle seat. Big Boss Seat for royal enfield is the answer to your pain in the ass. Check out Dug Dug Big Boss Seat whioch is the most comfortable motorcycle seat cushions.
The cushion is comfortable and provides excellent airflow and ventilation to keep you cool on long rides. It conforms to your body’s shape and reduces and equalizes sitting pressure. It’s much cheaper than some other high-quality products on the market. Your butt stays dry and doesn’t sweat or stick to the seat, and the fit and finish are excellent.




Weight
6.0 kg",-,DUGDUG-1092,-,-,-,-,-,-,-,-,"['https://www.dugdugmotorcycles.com/wp-content/uploads/2021/07/dug-dug-big-boss-with-backrest-for-royal-enfield-classic-standard-electra-thunderbird-5-510x510.jpg', 'https://www.dugdugmotorcycles.com/wp-content/uploads/2021/07/dug-dug-big-boss-with-backrest-for-royal-enfield-classic-standard-electra-thunderbird-8-510x510.jpg', 'https://www.dugdugmotorcycles.com/wp-content/uploads/2021/07/dug-dug-big-boss-with-backrest-for-royal-enfield-classic-standard-electra-thunderbird-5-510x510.jpg', 'https://www.dugdugmotorcycles.com/wp-content/uploads/2021/07/dug-dug-big-boss-with-backrest-for-royal-enfield-classic-standard-electra-thunderbird-6-510x513.jpg']","₹5,999.00",-,-,-,-,-,-,-,"₹3,999.00",-,-,-,-,-,-,-,-,-,-,-
Kabir Singh Gunmetal Brown for Royal Enfield Classic Standard Electra,"Weight
3.0 kg",-,DUGDUG-1054,-,-,-,-,-,-,-,-,['https://www.dugdugmotorcycles.com/wp-content/uploads/2021/07/IMG-20210625-WA0042-510x680.jpg'],"₹2,999.00",-,-,-,-,-,-,-,"₹2,250.00",-,-,-,-,-,-,-,-,-,-,-
Dug Dug Kabir Singh aka Harley Type Slim Leather Seat for Royal Enfield Classic Standard Electra,"Weight
3.0 kg",-,DUGDUG-977,-,-,-,-,-,-,-,-,['https://www.dugdugmotorcycles.com/wp-content/uploads/2021/01/Dug-Dug-Kabir-Singh-aka-Harley-Type-Slim-Leather-Seat-for-Royal-Enfield-Classic-Standard-Electra-510x378.jpg'],"₹6,500.00",-,-,-,-,-,-,-,"₹4,200.00",-,-,-,-,-,-,-,-,-,-,-
"Dug Dug Customized Low Rider Seat for Royal Enfield Classic 350, Standard, Electra","Dug Dug Complete Customized Seat For Royal Enfield
The seat make by DUGDUG are a Make In India product, manufactured while making sure that the rider gets the most comfort while riding. The cushioning is done to make sure that the seat can be used even in rough terrains while the bass is absolutes hard and sill not bend even when subjected to rough environments. The seats come with all the clamps and screws required is install and if you are bit experienced then you can install then even at your home. We take full responsibility of the fittings so we make sure that the box contains everything that you’d expect while supply..
How To Use

You can install it yourself or with a help of a professional.

Other Details

Brand:- DugDug
Type:- Complete Customized Seat
Product Size:- Standard
Color:- As Per You Order

Package Content
1 Set DUGDUG Complete Customized Seat with Direct Fitting
 




Weight
2.5 kg",-,DUGDUG-795,-,-,-,-,-,-,-,-,['https://www.dugdugmotorcycles.com/wp-content/uploads/2020/08/dug-dug-low-rider-seat-for-royal-enfield-classic-standard-electra-510x383.jpg'],"₹2,999.00",-,-,-,-,-,-,-,"₹2,200.00",-,-,-,-,-,-,-,-,-,-,-
Dug Dug Low Rider Seat for Royal Enfield Classic Standard Electra,"Weight
3.0 kg",-,DUGDUG-780,-,-,-,-,-,-,-,-,"['https://www.dugdugmotorcycles.com/wp-content/uploads/2020/08/Low-rider-for-royal-enfield-classic-standard-electra-dug-dug-2-510x449.jpg', 'https://www.dugdugmotorcycles.com/wp-content/uploads/2020/08/Low-rider-for-royal-enfield-classic-standard-electra-dug-dug-1-510x429.jpg', 'https://www.dugdugmotorcycles.com/wp-content/uploads/2020/08/Low-rider-for-royal-enfield-classic-standard-electra-dug-dug-3-510x437.jpg']","₹2,999.00",-,-,-,-,-,-,-,"₹2,400.00",-,-,-,-,-,-,-,-,-,-,-
Dug Dug Long Cruiser Comfortable Seat for Royal Enfield Classic Standard Electra,"Weight
3.5 kg",-,DUGDUG-779,-,-,-,-,-,-,-,-,"['https://www.dugdugmotorcycles.com/wp-content/uploads/2020/08/Long-Cruiser-Seat-for-Royal-Enfield-Classic-Standard-Electra-Dug-Dug-3-510x460.jpg', 'https://www.dugdugmotorcycles.com/wp-content/uploads/2020/08/Long-Cruiser-Seat-for-Royal-Enfield-Classic-Standard-Electra-Dug-Dug-1-510x383.jpg', 'https://www.dugdugmotorcycles.com/wp-content/uploads/2020/08/Long-Cruiser-Seat-for-Royal-Enfield-Classic-Standard-Electra-Dug-Dug-2-510x465.jpg']","₹3,999.00",-,-,-,-,-,-,-,"₹2,800.00",-,-,-,-,-,-,-,-,-,-,-
Dug Dug Slim Long Seat for Royal Enfield Classic 350/500 Standard Electra,"Product description

Colour:Black
A royal complete long seat for royal enfield classic 350/classic 500. We deal with all royal enfield products. Delivering products is not our act, it is our habit. We also customise the product according to your requirements.














Important information

Legal Disclaimer:
Return/Refund

All items are being inspected for quality checking prior to shipment.
If you have received defective items, please return within 7 days from the date you received the items. Please contact us before you return.
We will offer refund of the item price after we receive the defective item.
All returned items MUST BE in the original packaging and you MUST PROVIDE us with the shipping tracking number, specific reason for the return.

Feedback

We maintain high standards of excellence and strive for 100% customer satisfaction! Feedback is very important for us. We highly appreciate that you can contact us immediately via Message BEFORE you leaving neutral or negative feedback. We will offer help to resolve your problem as fast as possible.









Weight
3.0 kg",-,DUGDUG-778,-,-,-,-,-,-,-,-,"['https://www.dugdugmotorcycles.com/wp-content/uploads/2020/08/Slim-Seat-for-Royal-Enfield-Classic-Standrad-Electra-dug-dug-4-510x383.jpg', 'https://www.dugdugmotorcycles.com/wp-content/uploads/2020/08/Slim-Seat-for-Royal-Enfield-Classic-Standrad-Electra-dug-dug-1-510x429.jpg', 'https://www.dugdugmotorcycles.com/wp-content/uploads/2020/08/Slim-Seat-for-Royal-Enfield-Classic-Standrad-Electra-dug-dug-5-510x452.jpg', 'https://www.dugdugmotorcycles.com/wp-content/uploads/2020/08/Slim-Seat-for-Royal-Enfield-Classic-Standrad-Electra-dug-dug-3-510x465.jpg', 'https://www.dugdugmotorcycles.com/wp-content/uploads/2020/08/Slim-Seat-for-Royal-Enfield-Classic-Standrad-Electra-dug-dug-2-510x467.jpg']","₹2,800.00",-,-,-,-,-,-,-,"₹1,799.00",-,-,-,-,-,-,-,-,-,-,-
Dug Dug Cross Stitch Long Cruiser Seat for Royal Enfield,"Royal enfield classic all models
Modified long seat
Name: Cross Stitch Long Cruiser Seat for Royal Enfield
Great for single rider
No alterations are need to fix





Weight
3.5 kg",-,DUGDUG-777,-,-,-,-,-,-,-,-,"['https://www.dugdugmotorcycles.com/wp-content/uploads/2020/08/Long-Cruiser-Cross-Stitch-Seat-for-Classic-Standard-Electra-dug-dug-9-510x383.jpg', 'https://www.dugdugmotorcycles.com/wp-content/uploads/2020/08/Long-Cruiser-Cross-Stitch-Seat-for-Classic-Standard-Electra-dug-dug-1-510x484.jpg', 'https://www.dugdugmotorcycles.com/wp-content/uploads/2020/08/Long-Cruiser-Cross-Stitch-Seat-for-Classic-Standard-Electra-dug-dug-8-510x438.jpg', 'https://www.dugdugmotorcycles.com/wp-content/uploads/2020/08/Long-Cruiser-Cross-Stitch-Seat-for-Classic-Standard-Electra-dug-dug-7-510x383.jpg', 'https://www.dugdugmotorcycles.com/wp-content/uploads/2020/08/Long-Cruiser-Cross-Stitch-Seat-for-Classic-Standard-Electra-dug-dug-6-510x455.jpg', 'https://www.dugdugmotorcycles.com/wp-content/uploads/2020/08/Long-Cruiser-Cross-Stitch-Seat-for-Classic-Standard-Electra-dug-dug-5-510x447.jpg', 'https://www.dugdugmotorcycles.com/wp-content/uploads/2020/08/Long-Cruiser-Cross-Stitch-Seat-for-Classic-Standard-Electra-dug-dug-4-510x503.jpg', 'https://www.dugdugmotorcycles.com/wp-content/uploads/2020/08/Long-Cruiser-Cross-Stitch-Seat-for-Classic-Standard-Electra-dug-dug-3-510x491.jpg', 'https://www.dugdugmotorcycles.com/wp-content/uploads/2020/08/Long-Cruiser-Cross-Stitch-Seat-for-Classic-Standard-Electra-dug-dug-2-510x409.jpg']","₹3,999.00",-,-,-,-,-,-,-,"₹2,999.00",-,-,-,-,-,-,-,-,-,-,-
"New Cross Stitch Long Cruiser Seat for Royal Enfield Classic, Standard, Electra","Weight
4.0 kg",-,DUGDUG-763,-,-,-,-,-,-,-,-,['https://www.dugdugmotorcycles.com/wp-content/uploads/2020/07/New-Cross-Stich-Long-Cruiser-Seat-for-Royal-Enfield-Classic-Standard-Electra-510x304.jpg'],"₹3,999.00",-,-,-,-,-,-,-,"₹2,900.00",-,-,-,-,-,-,-,-,-,-,-
"Slim Seat For Royal Enfield Classic, Standard, Electra Old and New Models","Weight
3.5 kg",-,DUGDUG-757,-,-,-,-,-,-,-,-,['https://www.dugdugmotorcycles.com/wp-content/uploads/2020/07/Slim-Seat-for-Classic-510x287.jpg'],"₹2,999.00",-,-,-,-,-,-,-,"₹1,900.00",-,-,-,-,-,-,-,-,-,-,-
New Kabir Singh Seat for Royal Enfield – Half Dotted,"Weight
3.5 kg",-,DUGDUG-728,-,-,-,-,-,-,-,-,['https://www.dugdugmotorcycles.com/wp-content/uploads/2020/07/Kabir-Singh-Seat-royal-enfield-bullet-13-510x383.jpg'],"₹2,999.00",-,-,-,-,-,-,-,"₹2,250.00",-,-,-,-,-,-,-,-,-,-,-
New Harley Seat with Back Rest for Royal Enfield,"Weight
4.0 kg",-,DUGDUG-717,-,-,-,-,-,-,-,-,['https://www.dugdugmotorcycles.com/wp-content/uploads/2020/06/New-Harley-Seat-with-Backrest-510x241.jpg'],"₹3,200.00",-,-,-,-,-,-,-,"₹2,700.00",-,-,-,-,-,-,-,-,-,-,-
New Comfortable Cruiser Seat for Royal Enfield,"Weight
3.5 kg",-,DUGDUG-716,-,-,-,-,-,-,-,-,['https://www.dugdugmotorcycles.com/wp-content/uploads/2020/06/New-Comfortable-Long-Ride-Seat-for-Royal-Enfield-510x383.jpg'],"₹3,500.00",-,-,-,-,-,-,-,"₹2,600.00",-,-,-,-,-,-,-,-,-,-,-
"Harley aka Kabir Singh Slim Seat for Royal Enfield Classic, Standard, Electra – Brown","Weight
3.0 kg",-,DUGDUG-714,-,-,-,-,-,-,-,-,['https://www.dugdugmotorcycles.com/wp-content/uploads/2020/06/New-Kabir-Singh-Seat-510x383.jpg'],"₹2,250.00",-,-,-,-,-,-,-,"₹2,250.00",-,-,-,-,-,-,-,-,-,-,-
"New Harley Single Seat for Royal Enfield Classic 350/500, Standard, Electra","New Harley Single Seat for Royal Enfield Classic 350/500, Standard, Electra




Weight
3.0 kg",-,DUGDUG-633,-,-,-,-,-,-,-,-,"['https://www.dugdugmotorcycles.com/wp-content/uploads/2020/03/Adobe_Post_20200319_2353470.5158733657721251-scaled-scaled-510x680.jpg', 'https://www.dugdugmotorcycles.com/wp-content/uploads/2020/03/Adobe_Post_20200319_2355030.9649002647223429-scaled-scaled-510x680.jpg', 'https://www.dugdugmotorcycles.com/wp-content/uploads/2020/03/Adobe_Post_20200319_2354380.07898224055655378-scaled-scaled-510x680.jpg', 'https://www.dugdugmotorcycles.com/wp-content/uploads/2020/03/Adobe_Post_20200319_2353120.9085027340354281-scaled-scaled-510x680.jpg']","₹2,800.00",-,-,-,-,-,-,-,"₹2,200.00",-,-,-,-,-,-,-,-,-,-,-
New Kabir Singh Seat for Royal Enfield – Dotted,"New Kabir Singh Seat for Royal Enfield Classic 350/500, Standard, Electra – Front and Rear – With Fittings




Weight
3.0 kg",-,DUGDUG-630,-,-,-,-,-,-,-,-,"['https://www.dugdugmotorcycles.com/wp-content/uploads/2020/03/Adobe_Post_20200319_2345580.973736611551455-scaled-510x510.jpg', 'https://www.dugdugmotorcycles.com/wp-content/uploads/2020/03/Adobe_Post_20200319_2345390.39363295360801875-scaled-510x510.jpg', 'https://www.dugdugmotorcycles.com/wp-content/uploads/2020/07/Kabir-Singh-Seat-royal-enfield-bullet-11-510x383.jpg', 'https://www.dugdugmotorcycles.com/wp-content/uploads/2020/07/Kabir-Singh-Seat-royal-enfield-bullet-10-510x383.jpg', 'https://www.dugdugmotorcycles.com/wp-content/uploads/2020/07/Kabir-Singh-Seat-royal-enfield-bullet-9-510x381.jpg', 'https://www.dugdugmotorcycles.com/wp-content/uploads/2020/07/Kabir-Singh-Seat-royal-enfield-bullet-8-510x383.jpg', 'https://www.dugdugmotorcycles.com/wp-content/uploads/2020/07/Kabir-Singh-Seat-royal-enfield-bullet-7-510x383.jpg']","₹3,999.00",-,-,-,-,-,-,-,"₹2,250.00",-,-,-,-,-,-,-,-,-,-,-
"New Kabir Singh Seat for Royal Enfield Classic 350/500, Standard, Electra","New Kabir Singh Seat for Royal Enfield Classic 350/500, Standard, Electra – Front and Rear – With Fittings




Weight
3.0 kg",-,DUGDUG-629,-,-,-,-,-,-,-,-,"['https://www.dugdugmotorcycles.com/wp-content/uploads/2020/03/Adobe_Post_20200319_2344390.29842678143385537-scaled-510x510.jpg', 'https://www.dugdugmotorcycles.com/wp-content/uploads/2020/03/Adobe_Post_20200319_2344100.18488673436183334-scaled-510x510.jpg']","₹3,999.00",-,-,-,-,-,-,-,"₹2,450.00",-,-,-,-,-,-,-,-,-,-,-
"New Spring Seat for Classic 350/500, Standard, Electra","Weight
3.0 kg",-,DUGDUG-628,-,-,-,-,-,-,-,-,"['https://www.dugdugmotorcycles.com/wp-content/uploads/2020/03/Adobe_Post_20200319_2343380.8011010740763682-scaled-510x510.jpg', 'https://www.dugdugmotorcycles.com/wp-content/uploads/2020/03/Adobe_Post_20200319_2343080.9214294223167584-scaled-510x510.jpg']","₹3,999.00",-,-,-,-,-,-,-,"₹2,450.00",-,-,-,-,-,-,-,-,-,-,-
Harley Seat for Royal Enfield – Brown,"Weight
3.5 kg",-,DUGDUG-552,-,-,-,-,-,-,-,-,"['https://www.dugdugmotorcycles.com/wp-content/uploads/2019/12/IMG-20191209-WA0067-scaled-510x510.jpg', 'https://www.dugdugmotorcycles.com/wp-content/uploads/2019/12/IMG-20191209-WA0068-scaled-510x510.jpg']","₹2,999.00",-,-,-,-,-,-,-,"₹2,250.00",-,-,-,-,-,-,-,-,-,-,-
FEGO Float No Back Pain Air Suspension Seat Add-on for Bikes (Black),"FEGO FLOAT provides great ride comfort even on worst roads
Fego Float acts like an air suspension and can reduce upto 46% harsh vibrations that come from Bad roads.
Fego float with its unique pressure distribution technology distributes pressure evenly amongst all cells. Due to which rider can ride twice as long without butt pain.
For riders who go for long distances fego float shall reduce butt pain and help them float comfortably.
The seat has a Rain Cover, a Seat cover made with top genuine Leather, high quality mesh and bottom anti skid material, two straps to tie it up to stock seat. The mesh used in the top of seat cover gives good ventilation underneath butt and helps riders fight sweat. . Works best for all cruisers(Harley Davidson, Avenger etc.,) touring bikes(Royal Enfield all models) and scooters. (Honda Activa, TV Jupiter, HeroMaestro, Yamaha Fascino, Vespa etc.,).Works great for a pillion s




Weight
2.0 kg


Brand
FEGO",-,DUGDUG-486,-,-,-,-,-,-,-,-,"['https://www.dugdugmotorcycles.com/wp-content/uploads/2019/11/FEGO-Float-No-Back-Pain-Air-Suspension-Seat-Add-on-for-Bikes-Black-0.jpg', 'https://www.dugdugmotorcycles.com/wp-content/uploads/2019/11/FEGO-Float-No-Back-Pain-Air-Suspension-Seat-Add-on-for-Bikes-Black-0.jpg', 'https://www.dugdugmotorcycles.com/wp-content/uploads/2019/11/FEGO-Float-No-Back-Pain-Air-Suspension-Seat-Add-on-for-Bikes-Black-0-0.jpg', 'https://www.dugdugmotorcycles.com/wp-content/uploads/2019/11/FEGO-Float-No-Back-Pain-Air-Suspension-Seat-Add-on-for-Bikes-Black-0-1.jpg', 'https://www.dugdugmotorcycles.com/wp-content/uploads/2019/11/FEGO-Float-No-Back-Pain-Air-Suspension-Seat-Add-on-for-Bikes-Black-0-2.jpg', 'https://www.dugdugmotorcycles.com/wp-content/uploads/2019/11/FEGO-Float-No-Back-Pain-Air-Suspension-Seat-Add-on-for-Bikes-Black-0-3.jpg', 'https://www.dugdugmotorcycles.com/wp-content/uploads/2019/11/FEGO-Float-No-Back-Pain-Air-Suspension-Seat-Add-on-for-Bikes-Black-0-4.jpg', 'https://www.dugdugmotorcycles.com/wp-content/uploads/2019/11/FEGO-Float-No-Back-Pain-Air-Suspension-Seat-Add-on-for-Bikes-Black-0-5.jpg']","₹2,199.00",-,-,-,-,-,-,-,"₹2,049.00",-,-,-,-,-,-,-,-,-,-,-
Harley Seat for Royal Enfield – Black,"Weight
3.5 kg",-,DUGDUG-453,-,-,-,-,-,-,-,-,['https://www.dugdugmotorcycles.com/wp-content/uploads/2019/11/ef1fa66ec25939f81c616c18224b21df-scaled-510x907.jpg'],"₹2,999.00",-,-,-,-,-,-,-,"₹2,250.00",-,-,-,-,-,-,-,-,-,-,-
Harley Seat for Royal Enfield,"Weight
3.5 kg",-,DUGDUG-415,-,-,-,-,-,-,-,-,['https://www.dugdugmotorcycles.com/wp-content/uploads/2019/10/1120888307-scaled-510x638.jpg'],"₹2,300.00",-,-,-,-,-,-,-,"₹2,300.00",-,-,-,-,-,-,-,-,-,-,-
Harley Seat for Royal Enfield,"Weight
3.5 kg",-,DUGDUG-370,-,-,-,-,-,-,-,-,['https://www.dugdugmotorcycles.com/wp-content/uploads/2019/10/1090346106-scaled-510x1020.jpg'],"₹2,999.00",-,-,-,-,-,-,-,"₹2,250.00",-,-,-,-,-,-,-,-,-,-,-
"Harley aka Kabir Singh Slim Seat for Royal Enfield Classic, Standard, Electra – Tan Brown","Weight
3.5 kg",-,DUGDUG-371,-,-,-,-,-,-,-,-,['https://www.dugdugmotorcycles.com/wp-content/uploads/2019/10/1143570692-scaled-510x248.jpg'],"₹2,300.00",-,-,-,-,-,-,-,"₹2,250.00",-,-,-,-,-,-,-,-,-,-,-
"Harley aka Kabir Singh Slim Seat for Royal Enfield Classic, Standard, Electra – Chocolate Brown","Weight
3.5 kg",-,DUGDUG-372,-,-,-,-,-,-,-,-,['https://www.dugdugmotorcycles.com/wp-content/uploads/2019/10/1143572080-scaled-510x248.jpg'],"₹2,250.00",-,-,-,-,-,-,-,"₹2,250.00",-,-,-,-,-,-,-,-,-,-,-
"Harley aka Kabir Singh Slim Seat for Royal Enfield Classic, Standard, Electra – Black","Weight
3.5 kg",-,DUGDUG-373,-,-,-,-,-,-,-,-,['https://www.dugdugmotorcycles.com/wp-content/uploads/2019/10/1143569878-scaled-510x287.jpg'],"₹2,300.00",-,-,-,-,-,-,-,"₹1,950.00",-,-,-,-,-,-,-,-,-,-,-
"Harley aka Kabir Singh Slim Seat for Royal Enfield Classic, Standard, Electra","Weight
3.5 kg",-,DUGDUG-374,-,-,-,-,-,-,-,-,['https://www.dugdugmotorcycles.com/wp-content/uploads/2019/10/1104577502-scaled-510x510.jpg'],"₹2,300.00",-,-,-,-,-,-,-,"₹1,950.00",-,-,-,-,-,-,-,-,-,-,-
"Bigg Boss Seat for Royal Enfield Classic, Standard, Electra","Bigg Boss Seat for Royal Enfield Classic, Standard, Electra, Thunderbird
 
The Bigg Boss Seat for Royal Enfield has a timeless style that has been around for decades because of how good it looks and how much better it feels. Made purposely for ling rides this seat makes every ride comfortable not only for rider but for pillion as well. As rider is is broad and soft, the pillion seat is not left behind and has been worked upon on a serious note. The pillion is broader and wider than the stock rear seat of royal enfield which make pillion rider comfortable too.
Premium Quality Soft foam interior and Ultra-Foam creates a foam that is a perfect balance of rigidity and user compliance. Ultra-Foam unique molding process creates an element-resistant process that seals the foam from water. The Co-molded inner foam is the largest comfort advancement in seating since the creation of suspension. Dug Dug brings the most comfortable Bigg Bose seat in industry that shows no seams. Designed and made in the INDIA




Weight
3.5 kg",-,DUGDUG-368,-,-,-,-,-,-,-,-,['https://www.dugdugmotorcycles.com/wp-content/uploads/2019/10/1104577243-scaled-510x510.jpg'],$92.97,-,-,-,-,-,-,-,,-,-,-,-,-,-,-,-,-,-,-
