Product name,Description,Slug,SKU,Auto Generate SKU,Categories,Status,Is featured?,Brand,Product collections,Labels,Taxes,Images,Price,Product attributes,Import type,Is variation default?,Stock status,With storehouse management,Quantity,Allow checkout when out of stock,Sale price,Start date sale price,End date sale price,Weight,Length,Wide,Height,Cost per item,Barcode,Content,Tags,Vendor
Dug Dug Touring Kit for Royal Enfield Hunter 350 Type 2,"Weight
10 kg",-,DUGDUG-1507,-,-,-,-,-,-,-,-,"['https://www.dugdugmotorcycles.com/wp-content/uploads/2022/10/Dug-Dug-Touring-Kit-for-Royal-Enfield-Hunter-350-Type-2-510x510.jpg', 'https://www.dugdugmotorcycles.com/wp-content/uploads/2022/09/e48f3f60df1a4871951c8bed1db6c9b5-510x1124.jpg', 'https://www.dugdugmotorcycles.com/wp-content/uploads/2022/09/da1317e6fa7148cabe9f8fee53752193-510x1124.jpg', 'https://www.dugdugmotorcycles.com/wp-content/uploads/2022/09/d677ecb958f347c6b1887e5662a942ff-510x1124.jpg', 'https://www.dugdugmotorcycles.com/wp-content/uploads/2022/10/dug-dug-hunter-350-saddle-stay-510x366.jpg', 'https://www.dugdugmotorcycles.com/wp-content/uploads/2022/10/IMG-20221001-WA0058-510x416.jpg']","₹11,000.00",-,-,-,-,-,-,-,"₹7,500.00",-,-,-,-,-,-,-,-,-,-,-
Dug Dug Touring Kit for Royal Enfield Hunter 350 Type 1,"Weight
10 kg",-,DUGDUG-1506,-,-,-,-,-,-,-,-,"['https://www.dugdugmotorcycles.com/wp-content/uploads/2022/10/Dug-Dug-Touring-Kit-for-Royal-Enfield-Hunter-350-Type-1-510x510.jpg', 'https://www.dugdugmotorcycles.com/wp-content/uploads/2022/09/IMG-20220918-WA0011-510x287.jpg', 'https://www.dugdugmotorcycles.com/wp-content/uploads/2022/10/dug-dug-hunter-350-crash-guard--510x471.jpg', 'https://www.dugdugmotorcycles.com/wp-content/uploads/2022/10/dug-dug-hunter-350-saddle-stay-510x366.jpg', 'https://www.dugdugmotorcycles.com/wp-content/uploads/2022/10/IMG-20221001-WA0058-510x416.jpg']","₹9,999.00",-,-,-,-,-,-,-,"₹6,200.00",-,-,-,-,-,-,-,-,-,-,-
Ladakh Carrier for Royal Enfield Himalayan,"Weight
5.0 kg",-,DUGDUG-1471,-,-,-,-,-,-,-,-,['https://www.dugdugmotorcycles.com/wp-content/uploads/2022/09/77e71f7e7f57413586f0059b086ceb1e-510x230.jpg'],"₹9,999.00",-,-,-,-,-,-,-,"₹2,999.00",-,-,-,-,-,-,-,-,-,-,-
"Universal 5L Petrol Jerry Can for Motorcycle, Thar with Lock System – Black – 1pc","Specification:
Type: Jerry Can
Material: Polyethylene
Applications: Fit for Motorcycle 4X4 ATV UTV All Vehicles, Motorcycles, Offroad
Features: Cans Tank, anti-static, high toughness, oil resistant, anti-corrosion, anti-static, anti-UV, motorcycle accessories
Color: Red
Quantity: 1 Pc




Weight
2.0 kg",-,DUGDUG-1463,-,-,-,-,-,-,-,-,"['https://www.dugdugmotorcycles.com/wp-content/uploads/2023/05/jerry-can-with-lock-for-royal-enfield-himalayan-all-bikes-dug-dgu-motorcycles-2-510x510.jpg', 'https://www.dugdugmotorcycles.com/wp-content/uploads/2022/09/deaba4db69254372b9a9abd0c59fd929-510x230.jpg']","₹5,500.00",-,-,-,-,-,-,-,"₹2,100.00",-,-,-,-,-,-,-,-,-,-,-
Dug Dug Saddle Stay for Royal Enfield Thunderbird,"Weight
3.0 kg",-,DUGDUG-1306,-,-,-,-,-,-,-,-,['https://www.dugdugmotorcycles.com/wp-content/uploads/2021/02/dug-dug-saddle-stay-for-royal-enfield-classic-510x464.jpg'],"₹1,850.00",-,-,-,-,-,-,-,"₹1,850.00",-,-,-,-,-,-,-,-,-,-,-
Dug Dug Saddle Stay for Royal Enfield Meteor 350 Type II,"Weight
3.0 kg",-,DUGDUG-1305,-,-,-,-,-,-,-,-,['https://www.dugdugmotorcycles.com/wp-content/uploads/2021/02/dug-dug-saddle-stay-for-royal-enfield-classic-510x464.jpg'],"₹2,999.00",-,-,-,-,-,-,-,"₹1,850.00",-,-,-,-,-,-,-,-,-,-,-
Dug Dug Saddle Stay for Royal Enfield Meteor 350 Type II,"Weight
3.0 kg",-,DUGDUG-1305,-,-,-,-,-,-,-,-,['https://www.dugdugmotorcycles.com/wp-content/uploads/2021/02/dug-dug-saddle-stay-for-royal-enfield-classic-510x464.jpg'],"₹2,999.00",-,-,-,-,-,-,-,"₹1,850.00",-,-,-,-,-,-,-,-,-,-,-
Studds Fitting Rack For Top Box Luggage Storage Case for Bajaj Avenger,"Weight
3.0 kg",-,DUGDUG-1304,-,-,-,-,-,-,-,-,['https://www.dugdugmotorcycles.com/wp-content/uploads/2022/02/dug-dug-studds-fitting-rack-for-avenger.jpg'],₹650.00,-,-,-,-,-,-,-,₹650.00,-,-,-,-,-,-,-,-,-,-,-
Studds Fitting Rack For Top Box Luggage Storage Case for Royal Enfield Meteor 350,"Weight
3.0 kg",-,DUGDUG-1303,-,-,-,-,-,-,-,-,['https://www.dugdugmotorcycles.com/wp-content/uploads/2022/02/dug-dug-studds-top-case-fitting-rack-for-Classic-Standard-Electra-Meteor-510x510.jpg'],₹650.00,-,-,-,-,-,-,-,₹650.00,-,-,-,-,-,-,-,-,-,-,-
Studds Fitting Rack For Top Box Luggage Storage Case for Royal Enfield Meteor 350,"Weight
3.0 kg",-,DUGDUG-1303,-,-,-,-,-,-,-,-,['https://www.dugdugmotorcycles.com/wp-content/uploads/2022/02/dug-dug-studds-top-case-fitting-rack-for-Classic-Standard-Electra-Meteor-510x510.jpg'],₹650.00,-,-,-,-,-,-,-,₹650.00,-,-,-,-,-,-,-,-,-,-,-
Studds Fitting Rack For Top Box Luggage Storage Case for Royal Enfield Classic Standard Electra,"Weight
3.0 kg",-,DUGDUG-1301,-,-,-,-,-,-,-,-,['https://www.dugdugmotorcycles.com/wp-content/uploads/2022/02/dug-dug-studds-top-case-fitting-rack-for-Classic-Standard-Electra-Meteor-510x510.jpg'],₹650.00,-,-,-,-,-,-,-,₹650.00,-,-,-,-,-,-,-,-,-,-,-
Studds Top Case Top Box Luggage Storage Box for all Bikes – Black,"Weight
3.0 kg",-,DUGDUG-1300,-,-,-,-,-,-,-,-,['https://www.dugdugmotorcycles.com/wp-content/uploads/2022/02/dug-dug-studds-top-box-luggage-storage-box-for-all-bikes.jpg'],"₹1,490.00",-,-,-,-,-,-,-,"₹1,490.00",-,-,-,-,-,-,-,-,-,-,-
Touring Kit with Saddle Stay and Rear Carrier for Royal Enfield Meteor 350,"Weight
5.0 kg",-,DUGDUG-1113,-,-,-,-,-,-,-,-,['https://www.dugdugmotorcycles.com/wp-content/uploads/2021/07/dug-dug-meteor-350-touring-kit-saddle-stay-carrier-510x333.jpg'],"₹4,999.00",-,-,-,-,-,-,-,"₹3,550.00",-,-,-,-,-,-,-,-,-,-,-
Dug Dug Adjustable Cushion Backrest with Carrier for Royal Enfield Meteor 350,"Product description

Dug Dug – The thump that binds….
Specially designed Backrest for Interceptor and Continental GT 650,-Made with good quality metal and foam cushion for stable strong body and comfortable sitting experience.
The backrest advances the sitting and ride experience for the back sitter in long hilly area rides.-The backrest is designed specially for Royal Enfield Thunderbird, for more comfort in off-type roads.
The stylish backrest make your bike look great and more comfortable and an eye-catcher for everyone.
Heavy Metal Harley Style Adjustable Cushion Backrest with Carrier, Pillion Back Rest Cushion Support Compatible for ROYAL ENFIELD Thunderbird. Prevents Pressure ,Injuries and Ensures a Longer, More Enjoyable Ride Without any Pain. Fits As Per Vehicle Make Model Enhances Overall Looks of the Vehicle Gives Pillion Comfortable Cushioned Back Support on Long Distances.Structure of Backrest Made up of Aluminum Alloy.Covered with Good Quality Cushion Finished with Beautiful Raxine Leather. Enhances Overall Looks of the Vehicle and Makes It more Appealing.It Help to Make Pillion Rider Feel More Safe and Back Cushion Make Sure the Each Ride is a Fun Ride.





Weight
4.0 kg",-,DUGDUG-1516,-,-,-,-,-,-,-,-,"['https://www.dugdugmotorcycles.com/wp-content/uploads/2020/07/Backrest-Royal-Enfield-Classic-Interceptor-Thunderbird-Jawa-2-510x362.jpg', 'https://www.dugdugmotorcycles.com/wp-content/uploads/2020/07/Backrest-Royal-Enfield-Classic-Interceptor-Thunderbird-Jawa.jpg', 'https://www.dugdugmotorcycles.com/wp-content/uploads/2020/07/Backrest-Royal-Enfield-Classic-Interceptor-Thunderbird-Jawa-1-510x816.jpg']","₹2,999.00",-,-,-,-,-,-,-,"₹1,850.00",-,-,-,-,-,-,-,-,-,-,-
"5L Motorcycle Jerry Can Anti-Static Plastic Oil Container for Motorcycle, Thar with Lock System – Red – 1Pc","Specification:
Type: Jerry Can
Material: Polyethylene
Applications: Fit for Motorcycle 4X4 ATV UTV All Vehicles, Motorcycles, Offroad
Features: Cans Tank, anti-static, high toughness, oil resistant, anti-corrosion, anti-static, anti-UV, motorcycle accessories
Color: Red
Quantity: 1 Pc




Weight
2.5 kg",-,DUGDUG-1055,-,-,-,-,-,-,-,-,"['https://www.dugdugmotorcycles.com/wp-content/uploads/2023/05/rear-oil-container-cover-rear-mc-cover-super-meteor-650-dug-dug-motorcycles-2-510x510.jpg', 'https://www.dugdugmotorcycles.com/wp-content/uploads/2021/07/H8cb5cdf0c88a41648a9fcd534e38b297i-510x510.jpg']",$170.50,-,-,-,-,-,-,-,,-,-,-,-,-,-,-,-,-,-,-
Dug Dug Adjustable Cushion Backrest with Carrier for Jawa,"Product description

Dug Dug – The thump that binds….
Specially designed Backrest for Jawa,-Made with good quality metal and foam cushion for stable strong body and comfortable sitting experience.
The backrest advances the sitting and ride experience for the back sitter in long hilly area rides.-The backrest is designed specially for the Jawa, for more comfort in off-type roads.
The stylish backrest make your bike look great and more comfortable and an eye-catcher for everyone.
Heavy Metal Harley Style Adjustable Cushion Backrest with Carrier, Pillion Back Rest Cushion Support Compatible for Jawa. Prevents Pressure ,Injuries and Ensures a Longer, More Enjoyable Ride Without any Pain. Fits As Per Vehicle Make Model Enhances Overall Looks of the Vehicle Gives Pillion Comfortable Cushioned Back Support on Long Distances.Structure of Backrest Made up of Aluminum Alloy.Covered with Good Quality Cushion Finished with Beautiful Rexine Leather. Enhances Overall Looks of the Vehicle and Makes It more Appealing.It Help to Make Pillion Rider Feel More Safe and Back Cushion Make Sure the Each Ride is a Fun Ride.





Weight
3.0 kg",-,DUGDUG-761,-,-,-,-,-,-,-,-,"['https://www.dugdugmotorcycles.com/wp-content/uploads/2020/07/Backrest-Royal-Enfield-Classic-Interceptor-Thunderbird-Jawa-2-510x362.jpg', 'https://www.dugdugmotorcycles.com/wp-content/uploads/2020/07/Backrest-Royal-Enfield-Classic-Interceptor-Thunderbird-Jawa.jpg', 'https://www.dugdugmotorcycles.com/wp-content/uploads/2020/07/Backrest-Royal-Enfield-Classic-Interceptor-Thunderbird-Jawa-1-510x816.jpg']","₹2,999.00",-,-,-,-,-,-,-,"₹1,850.00",-,-,-,-,-,-,-,-,-,-,-
Dug Dug Adjustable Cushion Backrest with Carrier for Royal Enfield Thunderbird,"Product description

Dug Dug – The thump that binds….
Specially designed Backrest for Interceptor and Continental GT 650,-Made with good quality metal and foam cushion for stable strong body and comfortable sitting experience.
The backrest advances the sitting and ride experience for the back sitter in long hilly area rides.-The backrest is designed specially for Royal Enfield Thunderbird, for more comfort in off-type roads.
The stylish backrest make your bike look great and more comfortable and an eye-catcher for everyone.
Heavy Metal Harley Style Adjustable Cushion Backrest with Carrier, Pillion Back Rest Cushion Support Compatible for ROYAL ENFIELD Thunderbird. Prevents Pressure ,Injuries and Ensures a Longer, More Enjoyable Ride Without any Pain. Fits As Per Vehicle Make Model Enhances Overall Looks of the Vehicle Gives Pillion Comfortable Cushioned Back Support on Long Distances.Structure of Backrest Made up of Aluminum Alloy.Covered with Good Quality Cushion Finished with Beautiful Raxine Leather. Enhances Overall Looks of the Vehicle and Makes It more Appealing.It Help to Make Pillion Rider Feel More Safe and Back Cushion Make Sure the Each Ride is a Fun Ride.





Weight
3.0 kg",-,DUGDUG-760,-,-,-,-,-,-,-,-,"['https://www.dugdugmotorcycles.com/wp-content/uploads/2020/07/Backrest-Royal-Enfield-Classic-Interceptor-Thunderbird-Jawa-2-510x362.jpg', 'https://www.dugdugmotorcycles.com/wp-content/uploads/2020/07/Backrest-Royal-Enfield-Classic-Interceptor-Thunderbird-Jawa.jpg', 'https://www.dugdugmotorcycles.com/wp-content/uploads/2020/07/Backrest-Royal-Enfield-Classic-Interceptor-Thunderbird-Jawa-1-510x816.jpg']","₹2,999.00",-,-,-,-,-,-,-,"₹1,850.00",-,-,-,-,-,-,-,-,-,-,-
Dug Dug Adjustable Cushion Backrest with Carrier for Royal Enfield Thunderbird,"Product description

Dug Dug – The thump that binds….
Specially designed Backrest for Interceptor and Continental GT 650,-Made with good quality metal and foam cushion for stable strong body and comfortable sitting experience.
The backrest advances the sitting and ride experience for the back sitter in long hilly area rides.-The backrest is designed specially for Royal Enfield Thunderbird, for more comfort in off-type roads.
The stylish backrest make your bike look great and more comfortable and an eye-catcher for everyone.
Heavy Metal Harley Style Adjustable Cushion Backrest with Carrier, Pillion Back Rest Cushion Support Compatible for ROYAL ENFIELD Thunderbird. Prevents Pressure ,Injuries and Ensures a Longer, More Enjoyable Ride Without any Pain. Fits As Per Vehicle Make Model Enhances Overall Looks of the Vehicle Gives Pillion Comfortable Cushioned Back Support on Long Distances.Structure of Backrest Made up of Aluminum Alloy.Covered with Good Quality Cushion Finished with Beautiful Raxine Leather. Enhances Overall Looks of the Vehicle and Makes It more Appealing.It Help to Make Pillion Rider Feel More Safe and Back Cushion Make Sure the Each Ride is a Fun Ride.





Weight
3.0 kg",-,DUGDUG-760,-,-,-,-,-,-,-,-,"['https://www.dugdugmotorcycles.com/wp-content/uploads/2020/07/Backrest-Royal-Enfield-Classic-Interceptor-Thunderbird-Jawa-2-510x362.jpg', 'https://www.dugdugmotorcycles.com/wp-content/uploads/2020/07/Backrest-Royal-Enfield-Classic-Interceptor-Thunderbird-Jawa.jpg', 'https://www.dugdugmotorcycles.com/wp-content/uploads/2020/07/Backrest-Royal-Enfield-Classic-Interceptor-Thunderbird-Jawa-1-510x816.jpg']","₹2,999.00",-,-,-,-,-,-,-,"₹1,850.00",-,-,-,-,-,-,-,-,-,-,-
Dug Dug Adjustable Cushion Backrest with Carrier for Royal Enfield Interceptor 650,"Product description

Dug Dug – The thump that binds….
Specially designed Backrest for Interceptor and Continental GT 650,-Made with good quality metal and foam cushion for stable strong body and comfortable sitting experience.
The backrest advances the sitting and ride experience for the back sitter in long hilly area rides.-The backrest is designed specially for the Himalayan bikes Interceptor and Continental GT, for more comfort in off-type roads.
The stylish backrest make your bike look great and more comfortable and an eye-catcher for everyone.
Heavy Metal Harley Style Adjustable Cushion Backrest with Carrier, Pillion Back Rest Cushion Support Compatible for ROYAL ENFIELD INTERCEPTOR 650 CONTINENTAL 650.Prevents Pressure ,Injuries and Ensures a Longer, More Enjoyable Ride Without any Pain. Fits As Per Vehicle Make Model Enhances Overall Looks of the Vehicle Gives Pillion Comfortable Cushioned Back Support on Long Distances.Structure of Backrest Made up of Aluminum Alloy.Covered with Good Quality Cushion Finished with Beautiful Rexine Leather. Enhances Overall Looks of the Vehicle and Makes It more Appealing.It Help to Make Pillion Rider Feel More Safe and Back Cushion Make Sure the Each Ride is a Fun Ride.





Weight
3.0 kg",-,DUGDUG-758,-,-,-,-,-,-,-,-,"['https://www.dugdugmotorcycles.com/wp-content/uploads/2020/07/Backrest-Royal-Enfield-Classic-Interceptor-Thunderbird-Jawa-2-510x362.jpg', 'https://www.dugdugmotorcycles.com/wp-content/uploads/2020/07/Backrest-Royal-Enfield-Classic-Interceptor-Thunderbird-Jawa.jpg', 'https://www.dugdugmotorcycles.com/wp-content/uploads/2020/07/Backrest-Royal-Enfield-Classic-Interceptor-Thunderbird-Jawa-1-510x816.jpg']","₹2,999.00",-,-,-,-,-,-,-,"₹1,850.00",-,-,-,-,-,-,-,-,-,-,-
